"URI de la canción","Nombre de la canción","URI(s) del artista","Nombre(s) del artista","URI del álbum","Nombre del álbum","URI(s) del artista del álbum","Nombre(s) del artista del álbum","Fecha de lanzamiento del álbum","URL de la imagen del álbum","Número de disco","Número de la canción","Duración de la canción (ms)","URL de vista previa de la canción","Explícito","Popularidad","ISRC","Añadido por","Añadido en"
"spotify:track:2sMxswHr9wX7kTUHULvJBJ","Destino o casualidad","spotify:artist:1EXjXQpDx2pROygh8zvHs4, spotify:artist:5xd2Tg7Zo8755eCy8Gxkp8","Melendi, Ha*Ash","spotify:album:0qnDuxzDLdWWi9R473rv85","Destino o casualidad","spotify:artist:1EXjXQpDx2pROygh8zvHs4","Melendi","2018-05-01","https://i.scdn.co/image/ab67616d0000b2734306fd3cc49f5da4417ed1f2","1","1","258504","https://p.scdn.co/mp3-preview/df5d3e1dd24a2fe471268a2ad2a39123b6f58fdc?cid=9950ac751e34487dbbe027c4fd7f8e99","false","76","ES5151700897","spotify:user:12136711908","2022-09-30T13:55:07Z"
"spotify:track:3R2FaLjO7IUkAgmXRwYRMa","Contradicción","spotify:artist:3TLGNOdp1UWYMnV5XG9HkR","Malú","spotify:album:113rLDIkvtuYW1I7uull04","Oxígeno","spotify:artist:3TLGNOdp1UWYMnV5XG9HkR","Malú","2018-09-21","https://i.scdn.co/image/ab67616d0000b273a02bc820818d54b72dc6b633","1","3","175443","https://p.scdn.co/mp3-preview/0bdca32783c088ab5fe771370271dc4a03599130?cid=9950ac751e34487dbbe027c4fd7f8e99","false","39","ES5021800265","spotify:user:12136711908","2022-09-30T13:55:19Z"
"spotify:track:43SFbGEWpn1xbEEHmQuVba","Antes Que No","spotify:artist:5gOJTI4TusSENizxhcG7jB","David Bisbal","spotify:album:7j74PZNNtthH0JwMPSqIVw","20 Años Contigo","spotify:artist:5gOJTI4TusSENizxhcG7jB","David Bisbal","2021-12-02","https://i.scdn.co/image/ab67616d0000b273772c9451c2e541d15da9b562","2","11","226266","","false","16","ES5701600817","spotify:user:12136711908","2022-09-30T13:55:19Z"
"spotify:track:5fwlSdLrfIOuDvgskzvu0O","Juro Que Te Amo","spotify:artist:5gOJTI4TusSENizxhcG7jB","David Bisbal","spotify:album:7j74PZNNtthH0JwMPSqIVw","20 Años Contigo","spotify:artist:5gOJTI4TusSENizxhcG7jB","David Bisbal","2021-12-02","https://i.scdn.co/image/ab67616d0000b273772c9451c2e541d15da9b562","2","21","227973","","false","19","ES5700802844","spotify:user:12136711908","2022-09-30T13:55:19Z"
"spotify:track:421OmTEwsS438XFRU6NIUy","Fue Nuestro Amor","spotify:artist:5gOJTI4TusSENizxhcG7jB","David Bisbal","spotify:album:290if5arRdYx7NySut8mfy","Hijos Del Mar","spotify:artist:5gOJTI4TusSENizxhcG7jB","David Bisbal","2016-12-02","https://i.scdn.co/image/ab67616d0000b2738f15e8b0ceadb6123981aa3b","1","9","251051","","false","24","ES5701601030","spotify:user:12136711908","2022-09-30T13:55:19Z"
"spotify:track:0D9tfKugS31y4mikwE0wuw","Una Palabra","spotify:artist:5gOJTI4TusSENizxhcG7jB","David Bisbal","spotify:album:290if5arRdYx7NySut8mfy","Hijos Del Mar","spotify:artist:5gOJTI4TusSENizxhcG7jB","David Bisbal","2016-12-02","https://i.scdn.co/image/ab67616d0000b2738f15e8b0ceadb6123981aa3b","1","10","192548","","false","30","ES5701601032","spotify:user:12136711908","2022-09-30T13:55:19Z"
"spotify:track:1yqMLB4pBY4hzCfMzCBrRM","Mi Norte Es Tu Sur","spotify:artist:5gOJTI4TusSENizxhcG7jB","David Bisbal","spotify:album:290if5arRdYx7NySut8mfy","Hijos Del Mar","spotify:artist:5gOJTI4TusSENizxhcG7jB","David Bisbal","2016-12-02","https://i.scdn.co/image/ab67616d0000b2738f15e8b0ceadb6123981aa3b","1","8","197643","","false","29","ES5701600895","spotify:user:12136711908","2022-09-30T13:55:19Z"
"spotify:track:559nYD1woDCMP2ajImO5hq","Boca de hule - Acústico","spotify:artist:5M9Bb4adKAgrOFOhc05Y50","Pablo Alborán","spotify:album:1jLNPWcykNvUNoWBWBPjep","Prometo (Edición especial)","spotify:artist:5M9Bb4adKAgrOFOhc05Y50","Pablo Alborán","2018-11-30","https://i.scdn.co/image/ab67616d0000b2731e97a26c900829bbe02daf8f","1","21","221946","https://p.scdn.co/mp3-preview/d363ec120d08aaf87fa3f483726f75df0d56cead?cid=9950ac751e34487dbbe027c4fd7f8e99","false","24","ES5151802387","spotify:user:12136711908","2022-09-30T13:56:18Z"
"spotify:track:02BezmqMxO8kjcplrujbHx","Recuérdame - Nueva versión","spotify:artist:5M9Bb4adKAgrOFOhc05Y50","Pablo Alborán","spotify:album:3gcdBTgoqiERk0502Bnqqn","Terral","spotify:artist:5M9Bb4adKAgrOFOhc05Y50","Pablo Alborán","2016-06-10","https://i.scdn.co/image/ab67616d0000b2738a75c5c8b8fac39a69dee8c0","1","13","292912","https://p.scdn.co/mp3-preview/f8c4d18daef07c95e923956542f20703a10c211d?cid=9950ac751e34487dbbe027c4fd7f8e99","false","51","ES5151501529","spotify:user:12136711908","2022-09-30T13:56:18Z"
"spotify:track:4iuQ88fgaqBRkzb1JWKUbZ","Desde Que Llegaste","spotify:artist:69BUYvpG9MbjCyIZfsFdhJ","Reyli Barba","spotify:album:3BLkomoXh6O4Sp2m9z4tiY","Reyli En La Luna","spotify:artist:69BUYvpG9MbjCyIZfsFdhJ","Reyli Barba","2004-09-14","https://i.scdn.co/image/ab67616d0000b27351b341dbfd3dbe6747e53112","1","6","213573","https://p.scdn.co/mp3-preview/13a4a29855e0ffa050d67470f0a6aabc615b15fe?cid=9950ac751e34487dbbe027c4fd7f8e99","false","68","MXF140300250","spotify:user:12136711908","2022-09-30T13:56:18Z"
"spotify:track:5gCLpFgsSaOzxAvQ5806SJ","Tu refugio - Acústico","spotify:artist:5M9Bb4adKAgrOFOhc05Y50","Pablo Alborán","spotify:album:1jLNPWcykNvUNoWBWBPjep","Prometo (Edición especial)","spotify:artist:5M9Bb4adKAgrOFOhc05Y50","Pablo Alborán","2018-11-30","https://i.scdn.co/image/ab67616d0000b2731e97a26c900829bbe02daf8f","1","18","309426","https://p.scdn.co/mp3-preview/c88fcdfcad88a4114da44fab90f61e7b6ca7ee40?cid=9950ac751e34487dbbe027c4fd7f8e99","false","37","ES5151802388","spotify:user:12136711908","2022-09-30T13:56:18Z"
"spotify:track:63I0BWAZ6HxEoiR18ZEmAn","Perdóname","spotify:artist:7slfeZO9LsJbWgpkIoXBUJ","Ricky Martin","spotify:album:375cUd86z58eqXN2yW3Do9","A Quien Quiera Escuchar (Deluxe Edition)","spotify:artist:7slfeZO9LsJbWgpkIoXBUJ","Ricky Martin","2015-02-10","https://i.scdn.co/image/ab67616d0000b27388d450740b559cabdde15d35","1","4","240653","https://p.scdn.co/mp3-preview/dc232b507f4afc4b2e8e1e30df3badf2b220238f?cid=9950ac751e34487dbbe027c4fd7f8e99","false","45","USSD11400350","spotify:user:12136711908","2022-09-30T13:56:18Z"
"spotify:track:2E6xHULoCkC2FlXKDWbnmH","Curo tus labios - Acústico","spotify:artist:5M9Bb4adKAgrOFOhc05Y50","Pablo Alborán","spotify:album:1jLNPWcykNvUNoWBWBPjep","Prometo (Edición especial)","spotify:artist:5M9Bb4adKAgrOFOhc05Y50","Pablo Alborán","2018-11-30","https://i.scdn.co/image/ab67616d0000b2731e97a26c900829bbe02daf8f","1","23","255909","https://p.scdn.co/mp3-preview/5e5560980baf5cb5f5a2a87de145e3d1978f23c9?cid=9950ac751e34487dbbe027c4fd7f8e99","false","29","ES5151802389","spotify:user:12136711908","2022-09-30T13:56:18Z"
"spotify:track:02bKaAG61tMw9c63fzKXal","Sin miedo a nada (feat. Amaia Montero)","spotify:artist:2tY2GFdhH0Wa2VBvsxew5X, spotify:artist:4LbuSjHhhAddvN44qXpRJo","Alex Ubago, Amaia Montero","spotify:album:7cJiLvzLDaEhi2K4pfPYjl","¿Qué pides tú? (Argentina)","spotify:artist:2tY2GFdhH0Wa2VBvsxew5X","Alex Ubago","2002-11-15","https://i.scdn.co/image/ab67616d0000b2736b9c9cd2372b640eaeb1a761","1","6","310866","https://p.scdn.co/mp3-preview/76605916f81b5cfe732ca73aaf9b49cc5abeee16?cid=9950ac751e34487dbbe027c4fd7f8e99","false","66","ES5010100314","spotify:user:12136711908","2022-09-30T13:56:18Z"
"spotify:track:2425UlXvkIkAEJAtAd8ROm","Aunque no te pueda ver","spotify:artist:2tY2GFdhH0Wa2VBvsxew5X","Alex Ubago","spotify:album:1RF8AaupRPlmA13HxSdWAe","Fantasía o realidad","spotify:artist:2tY2GFdhH0Wa2VBvsxew5X","Alex Ubago","2003-11-24","https://i.scdn.co/image/ab67616d0000b273e6926a5359f4eef19a3e97a3","1","1","266666","https://p.scdn.co/mp3-preview/edc777c988ab1aa61eb7d1711c6f66d056bc6ebc?cid=9950ac751e34487dbbe027c4fd7f8e99","false","76","ES5010300497","spotify:user:12136711908","2022-09-30T13:56:18Z"
"spotify:track:0IDyf9eri6YrUs4yeQfCZZ","Estar contigo","spotify:artist:2tY2GFdhH0Wa2VBvsxew5X","Alex Ubago","spotify:album:4kycb8w5cgbdLcQ6uD6IyF","Mentiras sinceras","spotify:artist:2tY2GFdhH0Wa2VBvsxew5X","Alex Ubago","2012-12-04","https://i.scdn.co/image/ab67616d0000b273066b0b2439ef29745201c258","1","11","232280","https://p.scdn.co/mp3-preview/b91e916519cc92c4281bfce102dcef57f144bec6?cid=9950ac751e34487dbbe027c4fd7f8e99","false","64","ES5151201604","spotify:user:12136711908","2022-09-30T13:56:18Z"
"spotify:track:3uKdu7AtigAJ8GgTu0yJTe","Rayando el Sol (feat. Pablo Alborán)","spotify:artist:7okwEbXzyT2VffBmyQBWLz, spotify:artist:5M9Bb4adKAgrOFOhc05Y50","Maná, Pablo Alborán","spotify:album:7h8WIue8MJiW8Erw1Nr6N8","Rayando el Sol (feat. Pablo Alborán)","spotify:artist:7okwEbXzyT2VffBmyQBWLz, spotify:artist:5M9Bb4adKAgrOFOhc05Y50","Maná, Pablo Alborán","2019-04-12","https://i.scdn.co/image/ab67616d0000b273e4a971287e3bc415479c52b4","1","1","258937","https://p.scdn.co/mp3-preview/23a478b5102b4f4d507bcea60ad82322272445f7?cid=9950ac751e34487dbbe027c4fd7f8e99","false","62","MXF151900080","spotify:user:12136711908","2022-09-30T13:56:18Z"
"spotify:track:4TR6e2sBy2PzTnfu6MnLFD","Mujeres","spotify:artist:0h1zs4CTlU9D2QtgPxptUD","Ricardo Arjona","spotify:album:1icNy43dW75nSFOkucRFJZ","Quién Dijo Ayer","spotify:artist:0h1zs4CTlU9D2QtgPxptUD","Ricardo Arjona","1992","https://i.scdn.co/image/ab67616d0000b2731ac284dd6ae3e6780fc54706","2","7","207013","https://p.scdn.co/mp3-preview/34807f720911f8e2abcaff84038e9b91d0853e5b?cid=9950ac751e34487dbbe027c4fd7f8e99","false","66","MXF149200115","spotify:user:12136711908","2022-09-30T13:56:18Z"
"spotify:track:7BiX4G4yInUqFR4JjPzG52","Tanto - Acústico","spotify:artist:5M9Bb4adKAgrOFOhc05Y50","Pablo Alborán","spotify:album:7kA3hvV7UjgnA5uiUBxwlN","Tanto (Edición Premium)","spotify:artist:5M9Bb4adKAgrOFOhc05Y50","Pablo Alborán","2012","https://i.scdn.co/image/ab67616d0000b2732394ef9128f6ca9ae94622aa","1","17","259106","https://p.scdn.co/mp3-preview/8572b784e3c806cd8faceea61522c3a0136f77b6?cid=9950ac751e34487dbbe027c4fd7f8e99","false","38","ES7661200016","spotify:user:12136711908","2022-09-30T13:56:18Z"
"spotify:track:1sJFu2pvYJhtEOo9oVe1TZ","Me Enamoré de Ti","spotify:artist:1JbemQ1fPt2YmSLjAFhPBv","Chayanne","spotify:album:2Z1OKCVyqJ1lMHTU612E07","No Hay Imposibles","spotify:artist:1JbemQ1fPt2YmSLjAFhPBv","Chayanne","2010-02-23","https://i.scdn.co/image/ab67616d0000b273dca1467a24a9a1693cae7525","1","4","263666","https://p.scdn.co/mp3-preview/3ffbcb8d675b232ea57bd07ec7c481fddfde8fed?cid=9950ac751e34487dbbe027c4fd7f8e99","false","69","USSD10900744","spotify:user:12136711908","2022-09-30T13:56:18Z"
"spotify:track:17LxkTp8UNbPcYrDrI6UOq","Contigo Siempre","spotify:artist:6sq1yF0OZEWA4xoXVKW1L9, spotify:artist:07YUOmWljBTXwIseAUd9TW","Alejandro Fernández, Sebastian Yatra","spotify:album:1DuXr4GCQLue0kTKvI6Txa","Contigo Siempre","spotify:artist:6sq1yF0OZEWA4xoXVKW1L9, spotify:artist:07YUOmWljBTXwIseAUd9TW","Alejandro Fernández, Sebastian Yatra","2018-08-31","https://i.scdn.co/image/ab67616d0000b2736613542d40de3b788eab7b90","1","1","201440","","false","54","USUM71804408","spotify:user:12136711908","2022-09-30T13:56:18Z"
"spotify:track:5ijAah3WpMlWSoCvguJeyr","Cosas Del Amor","spotify:artist:7qG3b048QCHVRO5Pv1T5lw","Enrique Iglesias","spotify:album:3DWm5mRGgDkBBQ8BH4TYIB","Cosas Del Amor","spotify:artist:7qG3b048QCHVRO5Pv1T5lw","Enrique Iglesias","1998-09-22","https://i.scdn.co/image/ab67616d0000b273638e19ba914d1e74aa053d61","1","2","267280","https://p.scdn.co/mp3-preview/b405d4ef282911c1384ac8f3e451067e5971768a?cid=9950ac751e34487dbbe027c4fd7f8e99","false","50","USUL10200194","spotify:user:12136711908","2022-09-30T13:56:18Z"
"spotify:track:4q5F1BiUxAEbUnONQRbAA0","Alguien Como Tú","spotify:artist:7qG3b048QCHVRO5Pv1T5lw","Enrique Iglesias","spotify:album:3DWm5mRGgDkBBQ8BH4TYIB","Cosas Del Amor","spotify:artist:7qG3b048QCHVRO5Pv1T5lw","Enrique Iglesias","1998-09-22","https://i.scdn.co/image/ab67616d0000b273638e19ba914d1e74aa053d61","1","6","288000","https://p.scdn.co/mp3-preview/b5e270ad69d687c3c0792084b507ec06335c212e?cid=9950ac751e34487dbbe027c4fd7f8e99","false","37","USUL10200192","spotify:user:12136711908","2022-09-30T13:56:18Z"
"spotify:track:6Syno440Cvs3TvhyZbDLDl","Desnudo","spotify:artist:7qG3b048QCHVRO5Pv1T5lw","Enrique Iglesias","spotify:album:3DWm5mRGgDkBBQ8BH4TYIB","Cosas Del Amor","spotify:artist:7qG3b048QCHVRO5Pv1T5lw","Enrique Iglesias","1998-09-22","https://i.scdn.co/image/ab67616d0000b273638e19ba914d1e74aa053d61","1","4","337133","https://p.scdn.co/mp3-preview/2c1541f5d66e4228f4339ba6f94b1dd54011093d?cid=9950ac751e34487dbbe027c4fd7f8e99","false","38","USUL10200195","spotify:user:12136711908","2022-09-30T13:56:18Z"
"spotify:track:1TWegWtFVtJBfwUB2bbOrg","Contigo","spotify:artist:7qG3b048QCHVRO5Pv1T5lw","Enrique Iglesias","spotify:album:3DWm5mRGgDkBBQ8BH4TYIB","Cosas Del Amor","spotify:artist:7qG3b048QCHVRO5Pv1T5lw","Enrique Iglesias","1998-09-22","https://i.scdn.co/image/ab67616d0000b273638e19ba914d1e74aa053d61","1","5","316600","https://p.scdn.co/mp3-preview/a1063e5c259779d1e2f65cd5f79651119ff79f9f?cid=9950ac751e34487dbbe027c4fd7f8e99","false","50","USUL10200193","spotify:user:12136711908","2022-09-30T13:56:18Z"
"spotify:track:0UjtkXe54YuY5SMwXYjkvq","Nunca Te Olvidaré","spotify:artist:7qG3b048QCHVRO5Pv1T5lw","Enrique Iglesias","spotify:album:3DWm5mRGgDkBBQ8BH4TYIB","Cosas Del Amor","spotify:artist:7qG3b048QCHVRO5Pv1T5lw","Enrique Iglesias","1998-09-22","https://i.scdn.co/image/ab67616d0000b273638e19ba914d1e74aa053d61","1","1","264160","https://p.scdn.co/mp3-preview/b83e13d37fd10d4d926c4dbda10235c4b1a2a780?cid=9950ac751e34487dbbe027c4fd7f8e99","false","68","USUL10200198","spotify:user:12136711908","2022-09-30T13:56:18Z"
"spotify:track:6aZVaIudGaHm88ydUe9k4i","Candela","spotify:artist:1JbemQ1fPt2YmSLjAFhPBv","Chayanne","spotify:album:5ktMfzQRYlQawZcnmIB1VW","Simplemente","spotify:artist:1JbemQ1fPt2YmSLjAFhPBv","Chayanne","2000-11-28","https://i.scdn.co/image/ab67616d0000b273706c587d9f26c8705bee187e","1","3","236653","https://p.scdn.co/mp3-preview/bf362945c00dfe3dab8b8dec12c0b8aca50471e0?cid=9950ac751e34487dbbe027c4fd7f8e99","false","51","NLB630000064","spotify:user:12136711908","2022-09-30T13:56:18Z"
"spotify:track:1LdBDcbguPTftfhaMveJuF","Prometo - Versión piano y cuerda","spotify:artist:5M9Bb4adKAgrOFOhc05Y50","Pablo Alborán","spotify:album:47d2rgK6lLH2rc5VLWwdlI","Prometo (Versión piano y cuerda)","spotify:artist:5M9Bb4adKAgrOFOhc05Y50","Pablo Alborán","2017-10-12","https://i.scdn.co/image/ab67616d0000b2735388936f8464dd5a158c0f53","1","1","332120","https://p.scdn.co/mp3-preview/22e11d038bf06e8ac4f5f5cb9fac9fa63a75797b?cid=9950ac751e34487dbbe027c4fd7f8e99","false","33","ES5151701413","spotify:user:12136711908","2022-09-30T13:56:18Z"
"spotify:track:7DUh5iszvXQDhhE0ZEtmUe","Entra en Mi Vida","spotify:artist:7xeM7V59cA1X8GKyKKQV87","Sin Bandera","spotify:album:1YETjeIkkvMlKq427v6LWH","Hasta Ahora","spotify:artist:7xeM7V59cA1X8GKyKKQV87","Sin Bandera","2007-11-13","https://i.scdn.co/image/ab67616d0000b2738c6ff5cbed17363658f46732","1","1","249973","https://p.scdn.co/mp3-preview/b449e3d380bc228889c8cc5ea1e23787ec576070?cid=9950ac751e34487dbbe027c4fd7f8e99","false","64","MXF140100380","spotify:user:12136711908","2022-09-30T13:56:18Z"
"spotify:track:1zRqRmZyE0bgXkSoVVaCwK","En Ésta No","spotify:artist:7xeM7V59cA1X8GKyKKQV87","Sin Bandera","spotify:album:1J1sbNQnbDs9moxppFbaum","Una Última Vez (Delux Edition)","spotify:artist:7xeM7V59cA1X8GKyKKQV87","Sin Bandera","2016-06-10","https://i.scdn.co/image/ab67616d0000b273f5b5b9179707a2eabbd4c097","1","2","233346","https://p.scdn.co/mp3-preview/ee7c499b2bd8049d8ac3852b6c953f70327de405?cid=9950ac751e34487dbbe027c4fd7f8e99","false","68","MXF011500549","spotify:user:12136711908","2022-09-30T13:56:18Z"
"spotify:track:6p7wL9H4f4eKkdma5oZcej","Y Tu Sombra","spotify:artist:0K9pSmFx0kWESA9jqx8aCW","Gaby Moreno","spotify:album:3znNEiVi6CdKznkpnVpz0s","Illustrated Songs","spotify:artist:0K9pSmFx0kWESA9jqx8aCW","Gaby Moreno","2011-04-05","https://i.scdn.co/image/ab67616d0000b27313f6581add1da348eea894e9","1","3","170839","https://p.scdn.co/mp3-preview/c38b1ca617b40a9c76d133446098ee69b20ba408?cid=9950ac751e34487dbbe027c4fd7f8e99","false","24","USA2P1133264","spotify:user:12136711908","2022-09-30T13:56:18Z"
"spotify:track:1iRvhKiXRElIH2Uf4gd95P","Dueles","spotify:artist:1mX1TWKpNxDSAH16LgDfiR","Jesse & Joy","spotify:album:6pmTwCb5SeTjV9wdnkbDo3","Un Besito Más","spotify:artist:1mX1TWKpNxDSAH16LgDfiR","Jesse & Joy","2015-12-04","https://i.scdn.co/image/ab67616d0000b273d01f410ddd5776121c42bf59","1","11","247640","https://p.scdn.co/mp3-preview/9bd4cc5ebbcf9961c34a96b31a273f39d2e822bc?cid=9950ac751e34487dbbe027c4fd7f8e99","false","81","MXF151500224","spotify:user:12136711908","2022-09-30T13:56:18Z"
"spotify:track:5OKrgU6UuGMp4sGRxv1JH2","Dígale","spotify:artist:5gOJTI4TusSENizxhcG7jB","David Bisbal","spotify:album:2uwVT3EKTVmI3ik9yqsyMl","Corazón Latino","spotify:artist:5gOJTI4TusSENizxhcG7jB","David Bisbal","2002-10-15","https://i.scdn.co/image/ab67616d0000b27349a2562013810352fc8feb6e","1","2","262440","","false","77","ES6010200294","spotify:user:12136711908","2022-09-30T13:56:18Z"
"spotify:track:29csiYMOfBmLmGwxmISrMy","Fuiste Tú (feat. Gaby Moreno)","spotify:artist:0h1zs4CTlU9D2QtgPxptUD, spotify:artist:0K9pSmFx0kWESA9jqx8aCW","Ricardo Arjona, Gaby Moreno","spotify:album:3LrWQfyoO7cEc7ZGkWqHgy","Independiente + Demos","spotify:artist:0h1zs4CTlU9D2QtgPxptUD","Ricardo Arjona","2011","https://i.scdn.co/image/ab67616d0000b2732e1ba6a3dac7573ac82bfe2e","1","8","265306","https://p.scdn.co/mp3-preview/77408724df21fd58e624799c1067046f0c9d3a72?cid=9950ac751e34487dbbe027c4fd7f8e99","false","4","GB87Q1100008","spotify:user:12136711908","2022-09-30T13:56:18Z"
"spotify:track:4NUt1fcnO9aQAELBgXq3Kr","Me Dediqué a Perderte","spotify:artist:6sq1yF0OZEWA4xoXVKW1L9","Alejandro Fernández","spotify:album:1MTvtQtk1V2gqCNxnu5cNA","A Corazón Abierto","spotify:artist:6sq1yF0OZEWA4xoXVKW1L9","Alejandro Fernández","2004-09-01","https://i.scdn.co/image/ab67616d0000b2736c9b377e0e3a5b1d6ffad86e","1","2","231773","https://p.scdn.co/mp3-preview/cf6f2052f098cbcd10f5a8bda076aa5467149811?cid=9950ac751e34487dbbe027c4fd7f8e99","false","83","MXF140400094","spotify:user:12136711908","2022-09-30T13:56:18Z"
"spotify:track:66iygyOSvvoQQsKJ1vEXfT","Tú de Qué Vas","spotify:artist:4NEYQeEYBUjfaXgDQGvFvu","Franco De Vita","spotify:album:4BI3oXrWF0YvtWpfYWUxeX","Stop","spotify:artist:4NEYQeEYBUjfaXgDQGvFvu","Franco De Vita","2004-04-28","https://i.scdn.co/image/ab67616d0000b273e61c36e2c29c574079b7c5b9","1","5","238160","https://p.scdn.co/mp3-preview/aa80623e8ab9aabad8de626df6908eac8b866a67?cid=9950ac751e34487dbbe027c4fd7f8e99","false","80","USSD10404021","spotify:user:12136711908","2022-09-30T13:56:18Z"
"spotify:track:61hJK3EfAd1LDk7x5OrCTc","Tu Recuerdo (feat. Chambao & Tommy Torres) - MTV Unplugged Version","spotify:artist:7slfeZO9LsJbWgpkIoXBUJ, spotify:artist:2qhLqZ1pkiUl5HNrU2Nz0R, spotify:artist:264nbMzGPSkDZqTY8nXwCG","Ricky Martin, Chambao, Tommy Torres","spotify:album:7qhZvYXFgsaSzuukZw9WCM","Ricky Martin MTV Unplugged","spotify:artist:7slfeZO9LsJbWgpkIoXBUJ","Ricky Martin","2006-10-13","https://i.scdn.co/image/ab67616d0000b2738657432431f3656220b525c6","1","4","247866","https://p.scdn.co/mp3-preview/1ffbe81fc9eac883df1d8612c02a94dd8efff639?cid=9950ac751e34487dbbe027c4fd7f8e99","false","67","NLB630600015","spotify:user:12136711908","2022-09-30T13:56:18Z"
"spotify:track:7xVEvr9wPXLPU286pCfYM3","Si la Ves (feat. Sin Bandera)","spotify:artist:4NEYQeEYBUjfaXgDQGvFvu, spotify:artist:7xeM7V59cA1X8GKyKKQV87","Franco De Vita, Sin Bandera","spotify:album:4BI3oXrWF0YvtWpfYWUxeX","Stop","spotify:artist:4NEYQeEYBUjfaXgDQGvFvu","Franco De Vita","2004-04-28","https://i.scdn.co/image/ab67616d0000b273e61c36e2c29c574079b7c5b9","1","3","248000","https://p.scdn.co/mp3-preview/bc1427742650bff9dbbc63736277dbf122d5f271?cid=9950ac751e34487dbbe027c4fd7f8e99","false","71","USSD10404024","spotify:user:12136711908","2022-09-30T13:56:18Z"
"spotify:track:072YgF7J2clpY8DsWOpEri","Mientes Tan Bien","spotify:artist:7xeM7V59cA1X8GKyKKQV87","Sin Bandera","spotify:album:0MystbDJBhdcJZBFkpgVbd","De Viaje","spotify:artist:7xeM7V59cA1X8GKyKKQV87","Sin Bandera","2003-10-01","https://i.scdn.co/image/ab67616d0000b27365ad331cf7c3f45284ca8a39","1","10","227613","https://p.scdn.co/mp3-preview/05a2ddf1cb7094d505309671a625ee35c49e6385?cid=9950ac751e34487dbbe027c4fd7f8e99","false","79","MXF140300198","spotify:user:12136711908","2022-09-30T13:56:18Z"
"spotify:track:2FeYK41Grs7KdR9Nqoy1MK","Amores extraños - Versión 2001","spotify:artist:2e4nwiX8ZCU09LGLOpeqTH","Laura Pausini","spotify:album:0myaHlqK31HgqSV2k6Caqj","Lo mejor de Laura Pausini - Volveré junto a ti","spotify:artist:2e4nwiX8ZCU09LGLOpeqTH","Laura Pausini","2001-10-08","https://i.scdn.co/image/ab67616d0000b27385f921a1eab998791c4578e8","1","4","257440","https://p.scdn.co/mp3-preview/99dcbbe74216e197691613a613eea54df45f0310?cid=9950ac751e34487dbbe027c4fd7f8e99","false","63","ITR000100064","spotify:user:12136711908","2022-09-30T13:56:18Z"
"spotify:track:5uALDiBIe9EzvRBpJyf5Ce","Pingüinos en la Cama","spotify:artist:0h1zs4CTlU9D2QtgPxptUD","Ricardo Arjona","spotify:album:3MXgh2NutxVsZvxHaNZG2s","Adentro","spotify:artist:0h1zs4CTlU9D2QtgPxptUD","Ricardo Arjona","2005","https://i.scdn.co/image/ab67616d0000b273e84e7fd5383ed4886d889d3d","1","4","228106","https://p.scdn.co/mp3-preview/620d68ded96f2e8e28bd0e484afe280474674934?cid=9950ac751e34487dbbe027c4fd7f8e99","false","1","QMA2T1400015","spotify:user:12136711908","2022-09-30T13:56:18Z"
"spotify:track:4S1bYWrLOC8smuy8kJzxKQ","Te Extraño, Te Olvido, Te Amo","spotify:artist:7slfeZO9LsJbWgpkIoXBUJ","Ricky Martin","spotify:album:4URjPTEl3KRpkzWFTvYmiM","A Medio Vivir","spotify:artist:7slfeZO9LsJbWgpkIoXBUJ","Ricky Martin","1995-09-12","https://i.scdn.co/image/ab67616d0000b2733116fe38544a143f10f5e489","1","4","279000","https://p.scdn.co/mp3-preview/4ce02537e5bb780c2dca53a9d20ad0d6e926f4ba?cid=9950ac751e34487dbbe027c4fd7f8e99","false","68","MXF149500004","spotify:user:12136711908","2022-09-30T13:56:18Z"
"spotify:track:2KkevS6EwlbHPVGEick7DE","Si Tú No Estás","spotify:artist:7xeM7V59cA1X8GKyKKQV87","Sin Bandera","spotify:album:6UllPiSRmHJdGob1Dvea7O","Pasado","spotify:artist:7xeM7V59cA1X8GKyKKQV87","Sin Bandera","2006","https://i.scdn.co/image/ab67616d0000b273180c8e9dbf90675c3744028a","1","3","225760","https://p.scdn.co/mp3-preview/8de41f3ceb66365c6de6e60d085dbe149856bbd4?cid=9950ac751e34487dbbe027c4fd7f8e99","false","64","MXF010600548","spotify:user:12136711908","2022-09-30T13:56:18Z"
"spotify:track:5RELLT2r8WuuLmOFBTZP2b","El Amor De Mi Vida","spotify:artist:7slfeZO9LsJbWgpkIoXBUJ","Ricky Martin","spotify:album:7fUnkkWBAzFNC6JbYuuOnE","17","spotify:artist:7slfeZO9LsJbWgpkIoXBUJ","Ricky Martin","2011-02-23","https://i.scdn.co/image/ab67616d0000b2738eddfb644806a67f882a74de","1","2","237373","https://p.scdn.co/mp3-preview/018cfd3a693ae8e1bffe9f98824a2bd125304d5e?cid=9950ac751e34487dbbe027c4fd7f8e99","false","50","MXF140100020","spotify:user:12136711908","2022-09-30T13:56:18Z"
"spotify:track:6TBcNCw4PEHTCW8IshloIz","Lo nuestro - Acústico","spotify:artist:5M9Bb4adKAgrOFOhc05Y50","Pablo Alborán","spotify:album:1jLNPWcykNvUNoWBWBPjep","Prometo (Edición especial)","spotify:artist:5M9Bb4adKAgrOFOhc05Y50","Pablo Alborán","2018-11-30","https://i.scdn.co/image/ab67616d0000b2731e97a26c900829bbe02daf8f","1","22","305013","https://p.scdn.co/mp3-preview/e9f2a1b1229fb0e084e3f0d3f95cc0278bcd5fd1?cid=9950ac751e34487dbbe027c4fd7f8e99","false","29","ES5151802385","spotify:user:12136711908","2022-09-30T13:56:18Z"
"spotify:track:3nTP1d8K9jHFHiozzXGVDF","Por Amarte","spotify:artist:7qG3b048QCHVRO5Pv1T5lw","Enrique Iglesias","spotify:album:18FB0rct42g5hNr14l70GK","Enrique Iglesias","spotify:artist:7qG3b048QCHVRO5Pv1T5lw","Enrique Iglesias","1995-11-23","https://i.scdn.co/image/ab67616d0000b2730aab643232cb0f0a78349929","1","3","244026","https://p.scdn.co/mp3-preview/a806b93a4d040d29490edefed7316c682e4b0e5f?cid=9950ac751e34487dbbe027c4fd7f8e99","false","69","USUL10200208","spotify:user:12136711908","2022-09-30T13:56:18Z"
"spotify:track:79mdw3IznNCFsF7R9O2KGz","Dejaría Todo","spotify:artist:1JbemQ1fPt2YmSLjAFhPBv","Chayanne","spotify:album:3liBiZNxZoEkcv9ooLM20i","Atado a Tu Amor","spotify:artist:1JbemQ1fPt2YmSLjAFhPBv","Chayanne","1998-09-29","https://i.scdn.co/image/ab67616d0000b273f45720c1ccc4bc5ac36e465b","1","1","284466","https://p.scdn.co/mp3-preview/3d766ddba2acfad97d7970287f5a9c919be10ead?cid=9950ac751e34487dbbe027c4fd7f8e99","false","72","NLB639850004","spotify:user:12136711908","2022-09-30T13:56:18Z"
"spotify:track:2uAZustIpqFtfKcKCkkWCN","Por fin","spotify:artist:5M9Bb4adKAgrOFOhc05Y50","Pablo Alborán","spotify:album:56mEJyYVvG6QM3VsLfMZ6X","Terral (Version Française)","spotify:artist:5M9Bb4adKAgrOFOhc05Y50","Pablo Alborán","2014","https://i.scdn.co/image/ab67616d0000b27313ea55103bb98c6f5b0869a2","1","3","241013","https://p.scdn.co/mp3-preview/d4dc556fab7d9339febf31307f5c184e4f053f8a?cid=9950ac751e34487dbbe027c4fd7f8e99","false","25","ES5151401635","spotify:user:12136711908","2022-09-30T13:56:18Z"
"spotify:track:7zh0PdIYt6HxXoPvfb30MU","Recuerdo","spotify:artist:7slfeZO9LsJbWgpkIoXBUJ, spotify:artist:0XK6kT7xcZAlcYrNjOgzJe","Ricky Martin, Carla Morrison","spotify:album:3hS1wzvOJuioDs9VV6HW3R","PAUSA","spotify:artist:7slfeZO9LsJbWgpkIoXBUJ","Ricky Martin","2020-05-28","https://i.scdn.co/image/ab67616d0000b273745b7804a686c76208be1018","1","2","232331","https://p.scdn.co/mp3-preview/6f628e731a8f8c814844416949811f01608a97a0?cid=9950ac751e34487dbbe027c4fd7f8e99","false","53","USSD12000150","spotify:user:12136711908","2022-09-30T13:56:18Z"
"spotify:track:0GZ8UVlhn2tjHPpngzoLJk","La Chica de Humo","spotify:artist:2DmYtFBKcxb3ajwWWgA576","Emmanuel","spotify:album:3v2sq3JspM5Kny8Hz6ElyH","Quisiera","spotify:artist:2DmYtFBKcxb3ajwWWgA576","Emmanuel","1989-03-19","https://i.scdn.co/image/ab67616d0000b273315fbff96db9d536dd366d0a","1","1","331360","https://p.scdn.co/mp3-preview/870161430ced32e61d6fd71efc5d41935c3ac0b5?cid=9950ac751e34487dbbe027c4fd7f8e99","false","76","QZGLM2067259","spotify:user:12136711908","2022-09-30T13:56:18Z"
"spotify:track:2DNyZP4Py6f4zMASLBnIu6","La Playa","spotify:artist:4U7lXyKdSf1JbM1aXvsodC","La Oreja de Van Gogh","spotify:album:3HnSOodhuufrSTBnGZQ3fu","El Viaje de Copperpot","spotify:artist:4U7lXyKdSf1JbM1aXvsodC","La Oreja de Van Gogh","2000-09-07","https://i.scdn.co/image/ab67616d0000b273fb01108d92974ffab07a05fb","1","4","247693","https://p.scdn.co/mp3-preview/8b7cb242d4c07e48a4f52fca1e795caba6329529?cid=9950ac751e34487dbbe027c4fd7f8e99","false","81","ES5110002864","spotify:user:12136711908","2022-09-30T13:56:18Z"
"spotify:track:4s5D7IM9z6xDVwOg9r8Hqp","A Que No Me Dejas","spotify:artist:5sUrlPAHlS9NEirDB8SEbF, spotify:artist:6sq1yF0OZEWA4xoXVKW1L9","Alejandro Sanz, Alejandro Fernández","spotify:album:1RBxYmkmyQrYUZ84ifjotd","A Que No Me Dejas","spotify:artist:5sUrlPAHlS9NEirDB8SEbF","Alejandro Sanz","2015-07-10","https://i.scdn.co/image/ab67616d0000b27339aaf9a2b9681ceecc740b6c","1","1","321323","","false","51","ES5701500764","spotify:user:12136711908","2022-09-30T13:56:18Z"
"spotify:track:2fJprIKyol3KpcP1wgqEge","Víveme (with Alejandro Sanz 2013)","spotify:artist:2e4nwiX8ZCU09LGLOpeqTH, spotify:artist:5sUrlPAHlS9NEirDB8SEbF","Laura Pausini, Alejandro Sanz","spotify:album:05h6vnEFtAjOuWhCuPhAeO","20 Grandes Exitos (Latin America)","spotify:artist:2e4nwiX8ZCU09LGLOpeqTH","Laura Pausini","2013-11-12","https://i.scdn.co/image/ab67616d0000b2739abb355095e80f4aa3ee3910","1","14","234938","https://p.scdn.co/mp3-preview/3b4a3cde7f5d6356568cd0100c8a323f008370a0?cid=9950ac751e34487dbbe027c4fd7f8e99","false","48","ITR001300225","spotify:user:12136711908","2022-09-30T13:56:18Z"
"spotify:track:7JbWN9qjMV7wPO3phww3H3","Entre tú y mil mares (with Melendi)","spotify:artist:2e4nwiX8ZCU09LGLOpeqTH, spotify:artist:1EXjXQpDx2pROygh8zvHs4","Laura Pausini, Melendi","spotify:album:48h0r8Lo11eujwmiOon4kQ","20 Grandes Exitos (New Edition 2014)","spotify:artist:2e4nwiX8ZCU09LGLOpeqTH","Laura Pausini","2013-11-12","https://i.scdn.co/image/ab67616d0000b273819e1b408c6e9649e2b522e4","1","10","265904","https://p.scdn.co/mp3-preview/e9f587613b592b3eed633f76c0419ba2e8186390?cid=9950ac751e34487dbbe027c4fd7f8e99","false","36","ITR001400192","spotify:user:12136711908","2022-09-30T13:56:18Z"
"spotify:track:7lOzUJzsELALh5FQsPKTEn","Humanos a Marte","spotify:artist:1JbemQ1fPt2YmSLjAFhPBv","Chayanne","spotify:album:0P0d0y1LQ5VGrp58TQ0oM2","En Todo Estaré (Deluxe Edition)","spotify:artist:1JbemQ1fPt2YmSLjAFhPBv","Chayanne","2014-08-25","https://i.scdn.co/image/ab67616d0000b27368f60427aa7281eef015b725","1","2","225985","https://p.scdn.co/mp3-preview/d58d411fcee2acfb2e691cf8778be462ec679f30?cid=9950ac751e34487dbbe027c4fd7f8e99","false","72","USSD11400065","spotify:user:12136711908","2022-09-30T13:56:18Z"
"spotify:track:1iQQmHUAQ8NDFJO6SUYcfq","Atado a Tu Amor","spotify:artist:1JbemQ1fPt2YmSLjAFhPBv","Chayanne","spotify:album:3liBiZNxZoEkcv9ooLM20i","Atado a Tu Amor","spotify:artist:1JbemQ1fPt2YmSLjAFhPBv","Chayanne","1998-09-29","https://i.scdn.co/image/ab67616d0000b273f45720c1ccc4bc5ac36e465b","1","4","302773","https://p.scdn.co/mp3-preview/3c45341a401bd9cdfd411e7ed245a6d4807fb112?cid=9950ac751e34487dbbe027c4fd7f8e99","false","62","NLB639850006","spotify:user:12136711908","2022-09-30T13:56:18Z"
"spotify:track:1UDToCUvhfhYrTFxA1Xi4w","Jueves","spotify:artist:4U7lXyKdSf1JbM1aXvsodC","La Oreja de Van Gogh","spotify:album:2x2ZnWT2gqKGXYul03g47r","A las Cinco en el Astoria","spotify:artist:4U7lXyKdSf1JbM1aXvsodC","La Oreja de Van Gogh","2008-09-30","https://i.scdn.co/image/ab67616d0000b273863e3f1cdffcdd9f56ee30f8","1","3","239240","https://p.scdn.co/mp3-preview/93e518fe30982d584a79157db06c57eca0308695?cid=9950ac751e34487dbbe027c4fd7f8e99","false","72","ES5020800438","spotify:user:12136711908","2022-09-30T13:56:18Z"
"spotify:track:6W8Rl6LMWjCL17EvLlkyxc","Te Esperé","spotify:artist:1mX1TWKpNxDSAH16LgDfiR, spotify:artist:7JmLfOmqdX5WvJ0NmHP4mV","Jesse & Joy, Jesse","spotify:album:6ra5IJfLnuwbBm8NhxA2zX","Aire (Versión Día)","spotify:artist:1mX1TWKpNxDSAH16LgDfiR","Jesse & Joy","2020-05-08","https://i.scdn.co/image/ab67616d0000b273d28dd4f7384790949f2169c1","1","4","216000","https://p.scdn.co/mp3-preview/dc979da138cd45a4f1c77bae16850a1072f9ecfc?cid=9950ac751e34487dbbe027c4fd7f8e99","false","76","USWL11801226","spotify:user:12136711908","2022-09-30T13:56:18Z"
"spotify:track:70fVcEP5pRrxaIICY3DcPe","Mi Persona Favorita","spotify:artist:2O3v9rCTzLhPFaGaAVgZLt","Río Roma","spotify:album:3rpgokRsH2ZRK0yqrfOrSi","Otra Vida","spotify:artist:2O3v9rCTzLhPFaGaAVgZLt","Río Roma","2014-03-18","https://i.scdn.co/image/ab67616d0000b273fdc64ffdbc82d7e7559abd86","1","14","190480","https://p.scdn.co/mp3-preview/ad33b8bbf80a6129a79cc19ed12850749fd48678?cid=9950ac751e34487dbbe027c4fd7f8e99","false","68","MXF011300108","spotify:user:12136711908","2022-09-30T13:56:18Z"
"spotify:track:3QjkcFDVHOB4Z43esP5A8N","No soy una de esas (feat. Alejandro Sanz)","spotify:artist:1mX1TWKpNxDSAH16LgDfiR, spotify:artist:5sUrlPAHlS9NEirDB8SEbF","Jesse & Joy, Alejandro Sanz","spotify:album:6pmTwCb5SeTjV9wdnkbDo3","Un Besito Más","spotify:artist:1mX1TWKpNxDSAH16LgDfiR","Jesse & Joy","2015-12-04","https://i.scdn.co/image/ab67616d0000b273d01f410ddd5776121c42bf59","1","3","210733","https://p.scdn.co/mp3-preview/293bddde9de58c280dab913905bff1149470f44b?cid=9950ac751e34487dbbe027c4fd7f8e99","false","67","MXF151500216","spotify:user:12136711908","2022-09-30T13:56:18Z"
"spotify:track:3e6XiZxz7FZv2sUSGPiQxm","Niña","spotify:artist:0vR2qb8m9WHeZ5ByCbimq2","Reik","spotify:album:16QRglfvF1gpz6GLsBC1gU","Reik","spotify:artist:0vR2qb8m9WHeZ5ByCbimq2","Reik","2005-05-24","https://i.scdn.co/image/ab67616d0000b2739b06af2eced0da41219d0e7d","1","8","171426","https://p.scdn.co/mp3-preview/e3b14d45e4fff9f8bd1bab035e6c09e5eb1531b4?cid=9950ac751e34487dbbe027c4fd7f8e99","false","25","MXF140400191","spotify:user:12136711908","2022-09-30T13:56:18Z"
"spotify:track:4waqcUQWdj0yH26STWl2Rq","Rosas","spotify:artist:4U7lXyKdSf1JbM1aXvsodC","La Oreja de Van Gogh","spotify:album:1Atbkyir7YdfpFYWCnRTFp","Lo Que Te Conte Mientras Te Hacias La Dormida","spotify:artist:4U7lXyKdSf1JbM1aXvsodC","La Oreja de Van Gogh","2003","https://i.scdn.co/image/ab67616d0000b273820f6e4afa04594a671e484f","1","3","236506","https://p.scdn.co/mp3-preview/e01da2a0fccba24211234ec88939738522312397?cid=9950ac751e34487dbbe027c4fd7f8e99","false","83","ES5110304435","spotify:user:12136711908","2022-09-30T13:56:18Z"
"spotify:track:1neSvFc8QotDXOJtXY7b8M","Yo Quisiera","spotify:artist:0vR2qb8m9WHeZ5ByCbimq2","Reik","spotify:album:16QRglfvF1gpz6GLsBC1gU","Reik","spotify:artist:0vR2qb8m9WHeZ5ByCbimq2","Reik","2005-05-24","https://i.scdn.co/image/ab67616d0000b2739b06af2eced0da41219d0e7d","1","6","217986","https://p.scdn.co/mp3-preview/f79452b80977b611f68927437d5ebd1d7f364959?cid=9950ac751e34487dbbe027c4fd7f8e99","false","50","MXF140400189","spotify:user:12136711908","2022-09-30T13:56:18Z"
"spotify:track:2lAxopUVSL5dRXkvc1SkEG","Quién - Versión ambiental","spotify:artist:5M9Bb4adKAgrOFOhc05Y50","Pablo Alborán","spotify:album:7kA3hvV7UjgnA5uiUBxwlN","Tanto (Edición Premium)","spotify:artist:5M9Bb4adKAgrOFOhc05Y50","Pablo Alborán","2012","https://i.scdn.co/image/ab67616d0000b2732394ef9128f6ca9ae94622aa","1","16","228253","https://p.scdn.co/mp3-preview/eb86e346e73a22102de63a401b88db86b631f49d?cid=9950ac751e34487dbbe027c4fd7f8e99","false","32","ES7612200015","spotify:user:12136711908","2022-09-30T13:56:18Z"
"spotify:track:0qO4GfXADY9QfgcgtrasT9","Hoy Tengo Ganas De Ti","spotify:artist:6sq1yF0OZEWA4xoXVKW1L9, spotify:artist:1l7ZsJRRS8wlW3WfJfPfNS","Alejandro Fernández, Christina Aguilera","spotify:album:3g2uS0IsIdaKqRiBSFrbBk","Confidencias","spotify:artist:6sq1yF0OZEWA4xoXVKW1L9","Alejandro Fernández","2013-01-01","https://i.scdn.co/image/ab67616d0000b273608e3d67396b6b9b22cb006d","1","4","291106","","false","74","USUM71210066","spotify:user:12136711908","2022-09-30T13:56:18Z"
"spotify:track:5q5ME9XS0umFx175g2CUmr","Sin Conocerte","spotify:artist:0vR2qb8m9WHeZ5ByCbimq2","Reik","spotify:album:4kMpYWQfF4f4iXLhopgk3w","Secuencia","spotify:artist:0vR2qb8m9WHeZ5ByCbimq2","Reik","2006-11-14","https://i.scdn.co/image/ab67616d0000b273bdc144323f2959e8df21d250","1","3","195573","https://p.scdn.co/mp3-preview/1a6fd2becb7791bd65325c98decace9bd92d8219?cid=9950ac751e34487dbbe027c4fd7f8e99","false","34","MXF010600611","spotify:user:12136711908","2022-09-30T13:56:18Z"
"spotify:track:3t74Slmrcf23iKxdx2Rd3A","Dímelo","spotify:artist:7qG3b048QCHVRO5Pv1T5lw","Enrique Iglesias","spotify:album:6nokJTCkg6CVxVeeQEQsZL","Insomniac (Deluxe Edition)","spotify:artist:7qG3b048QCHVRO5Pv1T5lw","Enrique Iglesias","2007","https://i.scdn.co/image/ab67616d0000b273ad1c8cfd1116a23034e6ceb4","1","13","217933","","false","60","USUM70731440","spotify:user:12136711908","2022-09-30T13:56:18Z"
"spotify:track:5nAiSK9L3OG1v3HEgZmnoz","Te Conozco","spotify:artist:0h1zs4CTlU9D2QtgPxptUD","Ricardo Arjona","spotify:album:6GAL5gNwSJKlpl2ozzdNb9","Sólo Para Mujeres","spotify:artist:0h1zs4CTlU9D2QtgPxptUD","Ricardo Arjona","2013-01-21","https://i.scdn.co/image/ab67616d0000b2737d6e9d820246b1bf7b7dd72c","1","3","246440","https://p.scdn.co/mp3-preview/cbe6cd3d6a7c0a21f1ddb4aa4bd2b84c642cd8fd?cid=9950ac751e34487dbbe027c4fd7f8e99","false","59","MXF149400060","spotify:user:12136711908","2022-09-30T13:56:18Z"
"spotify:track:6dhnmkbc9Z7pGsUyUgZKGX","Tan Sólo Tú (feat. Alejandra Guzmán) - Franco De Vita en Primera Fila","spotify:artist:4NEYQeEYBUjfaXgDQGvFvu, spotify:artist:7Hf9AwMO37bSdxHb0FBGmO","Franco De Vita, Alejandra Guzman","spotify:album:6IIvdAgLtisXjNnxZpBxOX","Franco De Vita En Primera Fila","spotify:artist:4NEYQeEYBUjfaXgDQGvFvu","Franco De Vita","2011-05-30","https://i.scdn.co/image/ab67616d0000b2736cf6764361fb602f4bdff259","1","9","237720","https://p.scdn.co/mp3-preview/22b7a18d840604c24e60181f8759c2cea8848af3?cid=9950ac751e34487dbbe027c4fd7f8e99","false","68","USSD11100021","spotify:user:12136711908","2022-09-30T13:56:18Z"
"spotify:track:6rCyXpDwlMf1GH2qlpjJWv","Abrázame","spotify:artist:2gRP1Ezbtj3qrERnd0XasU","Camila","spotify:album:7dTSfhp5okEjaYXp38LwVf","Todo Cambio","spotify:artist:2gRP1Ezbtj3qrERnd0XasU","Camila","2006","https://i.scdn.co/image/ab67616d0000b2737e0721f90f91d37de250788f","1","1","230720","https://p.scdn.co/mp3-preview/6b6c7525f4dd3d7ba0840bd4900dfbece0a53f14?cid=9950ac751e34487dbbe027c4fd7f8e99","false","69","MXF010600026","spotify:user:12136711908","2022-09-30T13:56:18Z"
"spotify:track:4QVCx0T2eF2gZb1jcvvxy3","La de la mala suerte (feat. Pablo Alborán)","spotify:artist:1mX1TWKpNxDSAH16LgDfiR, spotify:artist:5M9Bb4adKAgrOFOhc05Y50","Jesse & Joy, Pablo Alborán","spotify:album:1vFtS31V7fqeFEdQXOZUlx","¿Con quién se queda el perro? (Spain Standard)","spotify:artist:1mX1TWKpNxDSAH16LgDfiR","Jesse & Joy","2011-12-06","https://i.scdn.co/image/ab67616d0000b2731692a50c4109bd29d1de7903","1","6","248499","https://p.scdn.co/mp3-preview/0a833abf9508b8b895a0c9ddf6f6ca49dead12fe?cid=9950ac751e34487dbbe027c4fd7f8e99","false","53","MXF151300056","spotify:user:12136711908","2022-09-30T13:56:18Z"
"spotify:track:5S60dDeUtcCN0C6BsptsdN","Enamorado Por Primera Vez","spotify:artist:7qG3b048QCHVRO5Pv1T5lw","Enrique Iglesias","spotify:album:3jSHDDkwNvjOeui59fI6PQ","Vivir","spotify:artist:7qG3b048QCHVRO5Pv1T5lw","Enrique Iglesias","1997-01-21","https://i.scdn.co/image/ab67616d0000b273bf1221b2099523074bf79302","1","1","268773","https://p.scdn.co/mp3-preview/433bf3dae7a139000ae1b0a67b9aca53ee657753?cid=9950ac751e34487dbbe027c4fd7f8e99","false","61","USUL10200184","spotify:user:12136711908","2022-09-30T13:56:18Z"
"spotify:track:5VJzp17shYbYWnFWRbRonJ","Ruleta Rusa","spotify:artist:7qG3b048QCHVRO5Pv1T5lw","Enrique Iglesias","spotify:album:3DWm5mRGgDkBBQ8BH4TYIB","Cosas Del Amor","spotify:artist:7qG3b048QCHVRO5Pv1T5lw","Enrique Iglesias","1998-09-22","https://i.scdn.co/image/ab67616d0000b273638e19ba914d1e74aa053d61","1","10","253480","https://p.scdn.co/mp3-preview/cfda3255d5a34939e31f2820438a1b21a89b9acb?cid=9950ac751e34487dbbe027c4fd7f8e99","false","39","USUL10200200","spotify:user:12136711908","2022-09-30T13:56:18Z"
"spotify:track:2YwN6flLpSpWm4mO25Q9Tw","Dicen Por Ahi","spotify:artist:7qG3b048QCHVRO5Pv1T5lw","Enrique Iglesias","spotify:album:3DWm5mRGgDkBBQ8BH4TYIB","Cosas Del Amor","spotify:artist:7qG3b048QCHVRO5Pv1T5lw","Enrique Iglesias","1998-09-22","https://i.scdn.co/image/ab67616d0000b273638e19ba914d1e74aa053d61","1","9","228026","https://p.scdn.co/mp3-preview/d8e16b894ab1bbdb85d2bb0ac0bf25beab04c106?cid=9950ac751e34487dbbe027c4fd7f8e99","false","35","USUL10200196","spotify:user:12136711908","2022-09-30T13:56:18Z"
"spotify:track:2UWFTnyf2aXnR54AXoMSXe","Asignatura Pendiente","spotify:artist:7slfeZO9LsJbWgpkIoXBUJ","Ricky Martin","spotify:album:7fUnkkWBAzFNC6JbYuuOnE","17","spotify:artist:7slfeZO9LsJbWgpkIoXBUJ","Ricky Martin","2011-02-23","https://i.scdn.co/image/ab67616d0000b2738eddfb644806a67f882a74de","1","13","238000","https://p.scdn.co/mp3-preview/5e3c408f76c9844b44397148cbaad69773f5f217?cid=9950ac751e34487dbbe027c4fd7f8e99","false","45","NLB630300088","spotify:user:12136711908","2022-09-30T13:56:18Z"
"spotify:track:5bVCHIQgZ4Jcr6DFmnYqRo","Tu Respiración","spotify:artist:1JbemQ1fPt2YmSLjAFhPBv","Chayanne","spotify:album:0P0d0y1LQ5VGrp58TQ0oM2","En Todo Estaré (Deluxe Edition)","spotify:artist:1JbemQ1fPt2YmSLjAFhPBv","Chayanne","2014-08-25","https://i.scdn.co/image/ab67616d0000b27368f60427aa7281eef015b725","1","3","250866","https://p.scdn.co/mp3-preview/6954c71a2938fd8aae45d63fa62940b4426e8b0c?cid=9950ac751e34487dbbe027c4fd7f8e99","false","55","USSD11400145","spotify:user:12136711908","2022-09-30T13:56:18Z"
"spotify:track:0phL00aOVS9nHhvd5Vodei","Esta Ausencia","spotify:artist:5gOJTI4TusSENizxhcG7jB","David Bisbal","spotify:album:2zsm7DcaJsvZFY8DIxPveu","Bulería","spotify:artist:5gOJTI4TusSENizxhcG7jB","David Bisbal","2004-01-01","https://i.scdn.co/image/ab67616d0000b273b9301b0217729f344bbeef18","1","4","275280","","false","65","ES6010400005","spotify:user:12136711908","2022-09-30T13:56:18Z"
"spotify:track:3z4XtoZVf8AOoR18Lnp7e1","Llueve sobre mojado","spotify:artist:5M9Bb4adKAgrOFOhc05Y50, spotify:artist:7eLcDZDYHXZCebtQmVFL25, spotify:artist:5N3YDBGT2gUzXgLDTwPRi5","Pablo Alborán, Aitana, Álvaro De Luna","spotify:album:16KVHgtlAeiAiav4Yko9KB","Llueve sobre mojado","spotify:artist:5M9Bb4adKAgrOFOhc05Y50, spotify:artist:7eLcDZDYHXZCebtQmVFL25, spotify:artist:5N3YDBGT2gUzXgLDTwPRi5","Pablo Alborán, Aitana, Álvaro De Luna","2021-10-15","https://i.scdn.co/image/ab67616d0000b27309fbd70032bcdb52cee82f6e","1","1","228783","https://p.scdn.co/mp3-preview/766989751488e9d03bc28b10df8defa6b64d865c?cid=9950ac751e34487dbbe027c4fd7f8e99","false","57","ES5152100941","spotify:user:12136711908","2022-09-30T13:56:18Z"
"spotify:track:5828oiHxe6DSSAuIrPSeVT","Disparo al Corazón","spotify:artist:7slfeZO9LsJbWgpkIoXBUJ","Ricky Martin","spotify:album:375cUd86z58eqXN2yW3Do9","A Quien Quiera Escuchar (Deluxe Edition)","spotify:artist:7slfeZO9LsJbWgpkIoXBUJ","Ricky Martin","2015-02-10","https://i.scdn.co/image/ab67616d0000b27388d450740b559cabdde15d35","1","2","230346","https://p.scdn.co/mp3-preview/b1fd8ca9e75112e703b4ba0f648ff6f87e3b0dd8?cid=9950ac751e34487dbbe027c4fd7f8e99","false","60","USSD11400214","spotify:user:12136711908","2022-09-30T13:56:18Z"
"spotify:track:1mkZZjz0X8YexDWXlx7zmX","Dónde Están Corazón","spotify:artist:7qG3b048QCHVRO5Pv1T5lw","Enrique Iglesias","spotify:album:3aoVX17mIukbwctlbu99zk","Greatest Hits","spotify:artist:7qG3b048QCHVRO5Pv1T5lw","Enrique Iglesias","2019-10-04","https://i.scdn.co/image/ab67616d0000b27376da950cd84c08d75ddc6d0a","1","15","259613","","false","70","USUM70767377","spotify:user:12136711908","2022-09-30T13:56:18Z"
"spotify:track:29gP9SkxnxKe8B5USStPjz","Esperanza","spotify:artist:7qG3b048QCHVRO5Pv1T5lw","Enrique Iglesias","spotify:album:5gNYzLLS6cRUxPnT1ityfk","Cosas Del Amor","spotify:artist:7qG3b048QCHVRO5Pv1T5lw","Enrique Iglesias","1998","https://i.scdn.co/image/ab67616d0000b273b4c7ecce60b9c1f03459206d","1","3","189693","https://p.scdn.co/mp3-preview/a8a3c2699bfb7fa1c1b88bdc24a40cef7acb97e1?cid=9950ac751e34487dbbe027c4fd7f8e99","false","0","USUL10200197","spotify:user:12136711908","2022-09-30T13:56:18Z"
"spotify:track:2zQW4cVDdtx6ILz9rNdPLD","Desde el Principio","spotify:artist:4NEYQeEYBUjfaXgDQGvFvu","Franco De Vita","spotify:album:6gHHe4wRRfwGbhBTk7hDEx","Libre","spotify:artist:4NEYQeEYBUjfaXgDQGvFvu","Franco De Vita","2016-10-14","https://i.scdn.co/image/ab67616d0000b2738657f1e4e80d7d023e25ca26","1","13","184133","https://p.scdn.co/mp3-preview/a027bec1a48d8e00c5677164537cb38dc52adc06?cid=9950ac751e34487dbbe027c4fd7f8e99","false","31","USSD11600212","spotify:user:12136711908","2022-09-30T13:56:18Z"
"spotify:track:4SIEs2WaSF0D1UH3b5WJBa","Vuelvo a Verte (with Pablo Alborán)","spotify:artist:3TLGNOdp1UWYMnV5XG9HkR, spotify:artist:5M9Bb4adKAgrOFOhc05Y50","Malú, Pablo Alborán","spotify:album:399FGltcl51QCx2pvt3fzO","Dual","spotify:artist:3TLGNOdp1UWYMnV5XG9HkR","Malú","2012-11-19","https://i.scdn.co/image/ab67616d0000b27384b6fee87b485e039ac5785b","2","1","219400","https://p.scdn.co/mp3-preview/4c1b764a48ee81f50a6ac38094e03d0a33b6e640?cid=9950ac751e34487dbbe027c4fd7f8e99","false","54","ES5021200975","spotify:user:12136711908","2022-09-30T13:56:18Z"
"spotify:track:74JCCEoIbiS0QFPCDB6RON","Mentiroso","spotify:artist:7qG3b048QCHVRO5Pv1T5lw","Enrique Iglesias","spotify:album:24YQLIPPjDkkeNIFimSIGO","Greatest Hits","spotify:artist:7qG3b048QCHVRO5Pv1T5lw","Enrique Iglesias","2019-10-04","https://i.scdn.co/image/ab67616d0000b2731794a1a0393455ad39130f87","1","14","235120","","false","26","USUL10200568","spotify:user:12136711908","2022-09-30T13:56:18Z"
"spotify:track:2yc9sElleYDl3NXMZSgsRv","Blanco y Negro","spotify:artist:3TLGNOdp1UWYMnV5XG9HkR","Malú","spotify:album:7popMaqBQ73NwM0Evpn16K","Guerra Fria","spotify:artist:3TLGNOdp1UWYMnV5XG9HkR","Malú","2010-05-08","https://i.scdn.co/image/ab67616d0000b273fdfa292929b3b3c9443b5a6b","1","4","233666","https://p.scdn.co/mp3-preview/a4f7f5f2f1e028c9474f0f1d9a55137cccbf83cb?cid=9950ac751e34487dbbe027c4fd7f8e99","false","61","ES5021000489","spotify:user:12136711908","2022-09-30T13:56:18Z"
"spotify:track:2jYg3P9jJB4SXaIFqx2YrF","Ahora Tu","spotify:artist:3TLGNOdp1UWYMnV5XG9HkR","Malú","spotify:album:6YNqeiooY8vFphUOkj320i","Esencial Malú","spotify:artist:3TLGNOdp1UWYMnV5XG9HkR","Malú","2013-07-23","https://i.scdn.co/image/ab67616d0000b273984786eec52086cb1eab8806","1","4","223880","https://p.scdn.co/mp3-preview/8ffe43e9b602bcaab4d31f30e0cbaca45fd1064a?cid=9950ac751e34487dbbe027c4fd7f8e99","false","39","ES5021000597","spotify:user:12136711908","2022-09-30T13:56:18Z"
"spotify:track:3XlP5dKP5UmwFf6dPAgERA","Desprevenida","spotify:artist:3TLGNOdp1UWYMnV5XG9HkR","Malú","spotify:album:113rLDIkvtuYW1I7uull04","Oxígeno","spotify:artist:3TLGNOdp1UWYMnV5XG9HkR","Malú","2018-09-21","https://i.scdn.co/image/ab67616d0000b273a02bc820818d54b72dc6b633","1","9","214387","https://p.scdn.co/mp3-preview/f93f388496dbf3d8e3689e17e6e0d06ca6602c1c?cid=9950ac751e34487dbbe027c4fd7f8e99","false","38","ES5021800271","spotify:user:12136711908","2022-09-30T13:56:18Z"
"spotify:track:3bPwyFjjsms7F2WlPUFY9C","Que Quieres De Mi","spotify:artist:4V8Sr092TqfHkfAA5fXXqG","Luis Fonsi","spotify:album:71zB5dsdFiSjP6xMmexC6a","8 (Deluxe)","spotify:artist:4V8Sr092TqfHkfAA5fXXqG","Luis Fonsi","2014-01-01","https://i.scdn.co/image/ab67616d0000b27333c841cab8f81d0bdb75d90e","1","4","274213","","false","20","USUM71404549","spotify:user:12136711908","2022-09-30T13:56:18Z"
"spotify:track:00Ec4qjKRWzwidhmCLqEPd","Imagíname Sin Ti","spotify:artist:4V8Sr092TqfHkfAA5fXXqG","Luis Fonsi","spotify:album:1LcTUKMA4vJ8cBRgl9k2hd","Exitos: 98:06 (Bonus Version)","spotify:artist:4V8Sr092TqfHkfAA5fXXqG","Luis Fonsi","2006-01-01","https://i.scdn.co/image/ab67616d0000b27388fdc6a73073697cb9f0e14b","1","9","249880","","false","63","USUL10000106","spotify:user:12136711908","2022-09-30T13:56:18Z"
"spotify:track:2uhaDVmfG7pT94VO5jl2r4","Lo Mejor de Mi Vida Eres Tú (feat. Natalia Jiménez)","spotify:artist:7slfeZO9LsJbWgpkIoXBUJ, spotify:artist:0j8QSBQZ9MNSGjHr1Vll1R","Ricky Martin, Natalia Jiménez","spotify:album:0a9o88R6EXFDtbcbdYqKD2","Más Música + Alma + Sexo","spotify:artist:7slfeZO9LsJbWgpkIoXBUJ","Ricky Martin","2011-11-15","https://i.scdn.co/image/ab67616d0000b273d6e147348bee1a00ff5cfe66","1","3","216613","https://p.scdn.co/mp3-preview/d25d34999729960250b407be05a35b35371dab5e?cid=9950ac751e34487dbbe027c4fd7f8e99","false","64","USSD11000401","spotify:user:12136711908","2022-09-30T13:56:18Z"
"spotify:track:1iC6iDolyChCB8wTBujAff","Quizás","spotify:artist:7qG3b048QCHVRO5Pv1T5lw","Enrique Iglesias","spotify:album:4yZ94VdhoJGQMz6aNUlcc0","Quizás","spotify:artist:7qG3b048QCHVRO5Pv1T5lw","Enrique Iglesias","2002-01-01","https://i.scdn.co/image/ab67616d0000b273977c210b5207cefbd5f27dc8","1","5","251186","","false","67","USUL10200694","spotify:user:12136711908","2022-09-30T13:56:18Z"
"spotify:track:1fW4YuVGQWPxDRh7mH2JYF","Soy capaz","spotify:artist:5M9Bb4adKAgrOFOhc05Y50","Pablo Alborán","spotify:album:0iRDEkUzhawgH0wKfIW5iT","Soy capaz","spotify:artist:5M9Bb4adKAgrOFOhc05Y50","Pablo Alborán","2021-11-12","https://i.scdn.co/image/ab67616d0000b2732ae2692f44132ca1d7d9cc20","1","1","205452","https://p.scdn.co/mp3-preview/f1e45f539313f4e8827fb5f6a9d82d2dc1986ad0?cid=9950ac751e34487dbbe027c4fd7f8e99","false","37","ES5152101139","spotify:user:12136711908","2022-09-30T13:56:18Z"
"spotify:track:4vYRqD79YcAoxcn8tHYJVQ","Lejos Conmigo","spotify:artist:5dbaLmK5SHLLg8Z4CcTJpX, spotify:artist:5sUrlPAHlS9NEirDB8SEbF","Greeicy, Alejandro Sanz","spotify:album:1QBGDffaMlcyZweupkQ7px","Y SOY REBELDE!","spotify:artist:0LyfQWJT6nXafLPZqxe9Of","Varios Artistas","2021-10-15","https://i.scdn.co/image/ab67616d0000b27376ef0dbcfdefeb94f5ff6944","1","6","175853","","false","0","USUM72113653","spotify:user:12136711908","2022-09-30T13:56:18Z"
"spotify:track:7rlNIalRVbyM76fUXCfXg3","Escucha a tu corazón","spotify:artist:2e4nwiX8ZCU09LGLOpeqTH","Laura Pausini","spotify:album:0myaHlqK31HgqSV2k6Caqj","Lo mejor de Laura Pausini - Volveré junto a ti","spotify:artist:2e4nwiX8ZCU09LGLOpeqTH","Laura Pausini","2001-10-08","https://i.scdn.co/image/ab67616d0000b27385f921a1eab998791c4578e8","1","9","279040","https://p.scdn.co/mp3-preview/caea8aca28eb4ad5f5dd6cdd36ef02da0c092008?cid=9950ac751e34487dbbe027c4fd7f8e99","false","49","ITR009600932","spotify:user:12136711908","2022-09-30T13:56:18Z"
"spotify:track:6IDgYT1p1n0M5kQVjLQozC","Aprendiz","spotify:artist:3TLGNOdp1UWYMnV5XG9HkR","Malú","spotify:album:0UfdHns1kmMVkEGD7MkmAQ","Aprendiz","spotify:artist:3TLGNOdp1UWYMnV5XG9HkR","Malú","1998-07-12","https://i.scdn.co/image/ab67616d0000b27358b54d36608f6e309037d7b1","1","1","287626","https://p.scdn.co/mp3-preview/27c7dacf9ead87e003a47d9536c8e34f48fa58cb?cid=9950ac751e34487dbbe027c4fd7f8e99","false","50","ES5119801147","spotify:user:12136711908","2022-09-30T13:56:18Z"
"spotify:track:4CEvdPojk5x4NlX0QkY70K","Secreto a Voces","spotify:artist:3TLGNOdp1UWYMnV5XG9HkR","Malú","spotify:album:79ji7MEaR9x0A6hG4MOyNo","Mil Batallas","spotify:artist:3TLGNOdp1UWYMnV5XG9HkR","Malú","2021-10-22","https://i.scdn.co/image/ab67616d0000b273f1c30b954c1a4ba6d90b2b80","1","3","207016","https://p.scdn.co/mp3-preview/1105dceb6c32c4e34de8d60e63d474bc8412506a?cid=9950ac751e34487dbbe027c4fd7f8e99","false","37","ES5022100667","spotify:user:12136711908","2022-09-30T13:56:18Z"
"spotify:track:1OBAWijV9qQIBu5fCHRomS","Dos Veces","spotify:artist:5gOJTI4TusSENizxhcG7jB, spotify:artist:4V8Sr092TqfHkfAA5fXXqG","David Bisbal, Luis Fonsi","spotify:album:4BchCVcAvu2fNGjqiqFFJe","Dos Veces","spotify:artist:5gOJTI4TusSENizxhcG7jB, spotify:artist:4V8Sr092TqfHkfAA5fXXqG","David Bisbal, Luis Fonsi","2021-06-23","https://i.scdn.co/image/ab67616d0000b273efc030ade1ea7a871ad05378","1","1","145922","","false","49","ES5702001769","spotify:user:12136711908","2022-09-30T13:56:18Z"
"spotify:track:2vCHDrXVN0k1GPTjSIZ69E","Noviembre Sin Ti","spotify:artist:0vR2qb8m9WHeZ5ByCbimq2","Reik","spotify:album:2X17BMIMWhZDWHL0UR1LBS","Reik","spotify:artist:0vR2qb8m9WHeZ5ByCbimq2","Reik","2005-05-24","https://i.scdn.co/image/ab67616d0000b273ec2e96b6a618b3c2eb6a14e0","1","7","203226","https://p.scdn.co/mp3-preview/2fc15d813aa9a7de555075bb77df1f33239afecb?cid=9950ac751e34487dbbe027c4fd7f8e99","false","74","MXF140400190","spotify:user:12136711908","2022-09-30T13:56:18Z"
"spotify:track:5fmXWEFh8vMXzKTHN9ezKV","En Tus Planes","spotify:artist:5gOJTI4TusSENizxhcG7jB","David Bisbal","spotify:album:63cRlzjRihSdheA6lKonRy","En Tus Planes","spotify:artist:5gOJTI4TusSENizxhcG7jB","David Bisbal","2020-01-02","https://i.scdn.co/image/ab67616d0000b273bb4da839f0a3ae97fb98d269","1","1","172146","","false","43","ES5701901559","spotify:user:12136711908","2022-09-30T13:56:18Z"
"spotify:track:4aB0kQvMoJ6ermACgZq7gm","Se Busca","spotify:artist:3TLGNOdp1UWYMnV5XG9HkR","Malú","spotify:album:70C5HoWZMzcJV6PGUTEyFL","Se Busca","spotify:artist:3TLGNOdp1UWYMnV5XG9HkR","Malú","2021-10-14","https://i.scdn.co/image/ab67616d0000b273adda37f574a7031f66f730f8","1","1","232992","https://p.scdn.co/mp3-preview/f108fd716b47dbfa1bea9bdfc1ad3b3d4b06a0a7?cid=9950ac751e34487dbbe027c4fd7f8e99","false","20","ES5022101455","spotify:user:12136711908","2022-09-30T13:56:18Z"
"spotify:track:5ToI5oXnUmX5Nsmg8enL1N","Nada Es Para Siempre","spotify:artist:4V8Sr092TqfHkfAA5fXXqG","Luis Fonsi","spotify:album:43GuWlqbeht6837v73SsMw","Paso A Paso","spotify:artist:4V8Sr092TqfHkfAA5fXXqG","Luis Fonsi","2005-01-01","https://i.scdn.co/image/ab67616d0000b2734687097846c807e9676657a6","1","1","239826","","false","60","USUL10500432","spotify:user:12136711908","2022-09-30T13:56:18Z"
"spotify:track:2ulHSZnCXZjSPPH9sbahXK","Perdón","spotify:artist:5gOJTI4TusSENizxhcG7jB, spotify:artist:5dbaLmK5SHLLg8Z4CcTJpX","David Bisbal, Greeicy","spotify:album:7j74PZNNtthH0JwMPSqIVw","20 Años Contigo","spotify:artist:5gOJTI4TusSENizxhcG7jB","David Bisbal","2021-12-02","https://i.scdn.co/image/ab67616d0000b273772c9451c2e541d15da9b562","3","15","206826","","false","19","ES5701800654","spotify:user:12136711908","2022-09-30T13:56:18Z"
"spotify:track:3E2m5w07LVxrViLqkSI5x5","Y, ¿Si Fuera Ella? - + Es +","spotify:artist:5M9Bb4adKAgrOFOhc05Y50, spotify:artist:5gOJTI4TusSENizxhcG7jB, spotify:artist:1YVEF2N8QHkkQ84LM51Xyo, spotify:artist:7qAoXV4U0qDxQAUqhszjAA, spotify:artist:1mX1TWKpNxDSAH16LgDfiR, spotify:artist:0UWZUmn7sybxMCqrw9tGa7, spotify:artist:4uyqaioPEdClDxU6zvYlAZ, spotify:artist:3TLGNOdp1UWYMnV5XG9HkR, spotify:artist:5kSJMVPcTITrSZxTrHllVN, spotify:artist:6FOpWOxsjQxKEbLiJpU1xV, spotify:artist:1ADdpen72RPuafRcv0YRBf, spotify:artist:6UelqIK8qwhWFc2f6nSEh8, spotify:artist:2e4nwiX8ZCU09LGLOpeqTH, spotify:artist:6HTUcOExehqydqa7C3usAa, spotify:artist:5soMpG6E6oApEiCZgrWeVz, spotify:artist:0EmeFodog0BfCgMzAIvKQp, spotify:artist:264nbMzGPSkDZqTY8nXwCG","Pablo Alborán, David Bisbal, Antonio Carmona, Manuel Carrasco, Jesse & Joy, Juanes, Pablo López, Malú, Vanesa Martín, India Martinez, Antonio Orozco, Niña Pastori, Laura Pausini, Abel Pintos, Rozalén, Shakira, Tommy Torres","spotify:album:4JBZphMESoH3YXespjRLVP","Y, ¿Si Fuera Ella? (+ Es +)","spotify:artist:0LyfQWJT6nXafLPZqxe9Of","Varios Artistas","2017-05-19","https://i.scdn.co/image/ab67616d0000b273f812968e1e4460b45d981b28","1","1","250000","","false","0","ES5701700190","spotify:user:12136711908","2022-09-30T13:56:18Z"
"spotify:track:31T16Ycgad8QEKjo1hl356","Nuestra Balada","spotify:artist:4V8Sr092TqfHkfAA5fXXqG","Luis Fonsi","spotify:album:6LaYsZ3kISiMSMUDHOfeUi","Nuestra Balada","spotify:artist:4V8Sr092TqfHkfAA5fXXqG","Luis Fonsi","2021-11-05","https://i.scdn.co/image/ab67616d0000b273afbe20c641ce71bc3a330e09","1","1","167040","","false","36","USUM72120237","spotify:user:12136711908","2022-09-30T13:56:18Z"
"spotify:track:2XBzPGUfiHG9xBGBuuKHwk","A Contracorriente","spotify:artist:2urF8dgLVfDjunO0pcHUEe, spotify:artist:5gOJTI4TusSENizxhcG7jB","Alvaro Soler, David Bisbal","spotify:album:1A30cr9RFN6VDgsqMdFqg4","A Contracorriente","spotify:artist:2urF8dgLVfDjunO0pcHUEe, spotify:artist:5gOJTI4TusSENizxhcG7jB","Alvaro Soler, David Bisbal","2022-01-14","https://i.scdn.co/image/ab67616d0000b2737f6f44c7d36ee718fc2ed31e","1","1","194824","","false","57","DEUM72119212","spotify:user:12136711908","2022-09-30T13:56:18Z"
"spotify:track:4DPY6KAMqfyQbaAZcr3bik","El Amor","spotify:artist:0h1zs4CTlU9D2QtgPxptUD","Ricardo Arjona","spotify:album:3LrWQfyoO7cEc7ZGkWqHgy","Independiente + Demos","spotify:artist:0h1zs4CTlU9D2QtgPxptUD","Ricardo Arjona","2011","https://i.scdn.co/image/ab67616d0000b2732e1ba6a3dac7573ac82bfe2e","1","4","286786","https://p.scdn.co/mp3-preview/e9e080971b32fc96397248eea2fdf2fe72b76c8e?cid=9950ac751e34487dbbe027c4fd7f8e99","false","0","GB87Q1100001","spotify:user:12136711908","2022-09-30T13:56:18Z"
"spotify:track:5XqeJhoiaAJsETFrVwlAHI","La Rosa","spotify:artist:5sUrlPAHlS9NEirDB8SEbF, spotify:artist:3h8OjAdgYXVRoMZ8jFd6Uw","Alejandro Sanz, Paco de Lucía","spotify:album:0FZBhjDJOY7l3eQ1uswUR4","Sanz","spotify:artist:5sUrlPAHlS9NEirDB8SEbF","Alejandro Sanz","2021-12-09","https://i.scdn.co/image/ab67616d0000b2737afcf207e16f4b6539d4a992","1","4","226804","","false","36","ES5702101732","spotify:user:12136711908","2022-09-30T13:56:18Z"
"spotify:track:0CxfPDC8TOntEsNDUV7nBO","Cuidar Nuestro Amor","spotify:artist:5gOJTI4TusSENizxhcG7jB","David Bisbal","spotify:album:2R540v1bYdXgVlZARNtk0z","Premonición","spotify:artist:5gOJTI4TusSENizxhcG7jB","David Bisbal","2006","https://i.scdn.co/image/ab67616d0000b2735e84a9f8a82b9c2b45597f5d","1","8","225693","","false","44","ES6010600399","spotify:user:12136711908","2022-09-30T13:56:18Z"
"spotify:track:4QubLlsaYXoQH3CxGxuTry","Se Me Va La Voz","spotify:artist:6sq1yF0OZEWA4xoXVKW1L9","Alejandro Fernández","spotify:album:6pJmik7KjCRidOZwEqYWuy","Dos Mundos - Evolución","spotify:artist:6sq1yF0OZEWA4xoXVKW1L9","Alejandro Fernández","2009-01-01","https://i.scdn.co/image/ab67616d0000b273a44368d87b2f1350ef6d374d","1","3","240240","","false","68","USUM70998055","spotify:user:12136711908","2022-09-30T13:56:18Z"
"spotify:track:0PoZSmwte6ULX9m5k4Dddg","Lo Juro por Dios","spotify:artist:39yVoqm6sYFvvqF1RciUVf","Carlos Rivera","spotify:album:5RvU6kr18m4z9r3XK9Oy8W","Esperanza Mía (Banda Original de Sonido)","spotify:artist:0LyfQWJT6nXafLPZqxe9Of","Varios Artistas","2015-05-21","https://i.scdn.co/image/ab67616d0000b273058030ca309b6d2c4494b43c","1","8","244466","https://p.scdn.co/mp3-preview/500279e46a6f512ef0be2c0da02625b6d75c0c54?cid=9950ac751e34487dbbe027c4fd7f8e99","false","31","MXF011500233","spotify:user:12136711908","2022-09-30T13:56:18Z"
"spotify:track:2HFVGqywESc8EvMx5pXN2d","Muñeca Cruel","spotify:artist:7qG3b048QCHVRO5Pv1T5lw","Enrique Iglesias","spotify:album:18FB0rct42g5hNr14l70GK","Enrique Iglesias","spotify:artist:7qG3b048QCHVRO5Pv1T5lw","Enrique Iglesias","1995-11-23","https://i.scdn.co/image/ab67616d0000b2730aab643232cb0f0a78349929","1","9","261000","https://p.scdn.co/mp3-preview/3ec86c5df51a262fff6fffc6e3c5e82dca9c86a0?cid=9950ac751e34487dbbe027c4fd7f8e99","false","61","USUL10200206","spotify:user:12136711908","2022-09-30T13:56:18Z"
"spotify:track:50M1kLXHo81fX9puNdB5ER","Seré","spotify:artist:6ZZ2DeepA3GpoGU4KwqSlU","Luciano Pereyra","spotify:album:0ofPx6C6bKrF23aZbDwbLR","Tu Mano","spotify:artist:6ZZ2DeepA3GpoGU4KwqSlU","Luciano Pereyra","2015-08-07","https://i.scdn.co/image/ab67616d0000b273407c80aea49cb544dc90ebf8","1","1","249333","","false","52","ARUM71500039","spotify:user:12136711908","2022-09-30T13:56:18Z"
"spotify:track:6MJNc0mjEsZmFtBv6R9Po7","Capitán Tapón","spotify:artist:5sUrlPAHlS9NEirDB8SEbF","Alejandro Sanz","spotify:album:3yLDXQ4DGUeDmaWxQTdbhc","Sirope","spotify:artist:5sUrlPAHlS9NEirDB8SEbF","Alejandro Sanz","2015-05-04","https://i.scdn.co/image/ab67616d0000b273ee84e0e348d4a5ca63e308ae","1","2","281821","","false","48","ES5701500138","spotify:user:12136711908","2022-09-30T13:56:18Z"
"spotify:track:7usSvnAzhBL4tim6tmg7D7","Toda","spotify:artist:3TLGNOdp1UWYMnV5XG9HkR","Malú","spotify:album:5G1LZhM4AgyzyZGyQL2zya","Esta Vez","spotify:artist:3TLGNOdp1UWYMnV5XG9HkR","Malú","2001-05-14","https://i.scdn.co/image/ab67616d0000b273db73a00a5b96a427813d63a3","1","9","202800","https://p.scdn.co/mp3-preview/51ebfd9f72ef001b4a7407249c16fa0f295120dd?cid=9950ac751e34487dbbe027c4fd7f8e99","false","42","ES5110103496","spotify:user:12136711908","2022-09-30T13:56:18Z"
"spotify:track:3XdSmzQ9necH8vULuOvOem","Amigo (with Melendi)","spotify:artist:3TLGNOdp1UWYMnV5XG9HkR, spotify:artist:1EXjXQpDx2pROygh8zvHs4","Malú, Melendi","spotify:album:399FGltcl51QCx2pvt3fzO","Dual","spotify:artist:3TLGNOdp1UWYMnV5XG9HkR","Malú","2012-11-19","https://i.scdn.co/image/ab67616d0000b27384b6fee87b485e039ac5785b","1","3","216053","https://p.scdn.co/mp3-preview/7778be335a3e4c1093c3bb74133966d9ca17d7f7?cid=9950ac751e34487dbbe027c4fd7f8e99","false","41","ES5021200974","spotify:user:12136711908","2022-09-30T13:56:18Z"
"spotify:track:3UTEEPuMNeMjfer5BZg2ne","Escapar","spotify:artist:7qG3b048QCHVRO5Pv1T5lw","Enrique Iglesias","spotify:album:3DeHyfe2Da8xznvABSfIE5","Escape","spotify:artist:7qG3b048QCHVRO5Pv1T5lw","Enrique Iglesias","2001-01-01","https://i.scdn.co/image/ab67616d0000b27347527edce762c35fde07559c","1","11","207800","","false","59","USIR10120227","spotify:user:12136711908","2022-09-30T13:56:18Z"
"spotify:track:6Co2RZifP6rdbNJ1CVE7vM","24 Horas - Versión Balada","spotify:artist:5gOJTI4TusSENizxhcG7jB","David Bisbal","spotify:album:1bo0VxLOuIFwBnenKyPJC1","24 Horas","spotify:artist:5gOJTI4TusSENizxhcG7jB","David Bisbal","2010-01-01","https://i.scdn.co/image/ab67616d0000b273ef478b0fb01c36cd6ffd3017","1","1","211173","","false","7","ES5701000808","spotify:user:12136711908","2022-09-30T13:56:18Z"
"spotify:track:3ifU75CWczBdMxKdolSHwI","Yo Te Voy A Amar - Spanish Radio Edit","spotify:artist:6Ff53KvcvAj5U7Z1vojB5o","*NSYNC","spotify:album:4SGBTJEe8NBz1NwFCue6bG","Greatest Hits","spotify:artist:6Ff53KvcvAj5U7Z1vojB5o","*NSYNC","2005","https://i.scdn.co/image/ab67616d0000b273eb997d398a1a87027d99c20c","1","15","266240","https://p.scdn.co/mp3-preview/1d372fc1d58adc7db2a3bc53a6d9affb0fcb1ec8?cid=9950ac751e34487dbbe027c4fd7f8e99","false","55","USJI10000370","spotify:user:12136711908","2022-09-30T13:56:18Z"
"spotify:track:4KRSPSD9KxXA5hIZtfgrhx","Cómo Duele","spotify:artist:0h1zs4CTlU9D2QtgPxptUD","Ricardo Arjona","spotify:album:1lAcw28eXEykFsIBDWES4o","5to Piso","spotify:artist:0h1zs4CTlU9D2QtgPxptUD","Ricardo Arjona","2008","https://i.scdn.co/image/ab67616d0000b273c741ee950fcdb560d2782153","1","4","210400","https://p.scdn.co/mp3-preview/603fc042f882cfc489cc03c2e59698fe56e69d49?cid=9950ac751e34487dbbe027c4fd7f8e99","false","1","QMA2T1500187","spotify:user:12136711908","2022-09-30T13:56:18Z"
"spotify:track:0srf60K7I8vK7iVCv4oGZj","Esclavo De Sus Besos","spotify:artist:5gOJTI4TusSENizxhcG7jB","David Bisbal","spotify:album:1xW38xA3oVHef1d8FdIZs6","Sin Mirar Atrás","spotify:artist:5gOJTI4TusSENizxhcG7jB","David Bisbal","2009-01-01","https://i.scdn.co/image/ab67616d0000b273419d26f26f86679c9a790f2a","1","1","237373","","false","64","ES5700901498","spotify:user:12136711908","2022-09-30T13:56:18Z"
"spotify:track:1OJkKHmXsZVKtWlECdpDAe","Sé Que Te Duele","spotify:artist:6sq1yF0OZEWA4xoXVKW1L9, spotify:artist:5C4PDR4LnhZTbVnKWXuDKD","Alejandro Fernández, Morat","spotify:album:48XvYOTsoGV3Juk0OY7PDp","Rompiendo Fronteras","spotify:artist:6sq1yF0OZEWA4xoXVKW1L9","Alejandro Fernández","2017-01-13","https://i.scdn.co/image/ab67616d0000b2737d7f1b7970e84d845a9affea","1","3","228146","","false","72","USUM71614433","spotify:user:12136711908","2022-09-30T13:56:18Z"
"spotify:track:1zU6PCdQxUu1tMT5xbc6x5","Completamente Enamorados","spotify:artist:1JbemQ1fPt2YmSLjAFhPBv","Chayanne","spotify:album:1HR0VmKYncW4JyMwRCSi9N","Grandes Exitos","spotify:artist:1JbemQ1fPt2YmSLjAFhPBv","Chayanne","2002","https://i.scdn.co/image/ab67616d0000b273002377d5a43602fcb14058ea","1","5","258093","https://p.scdn.co/mp3-preview/f0f196b684fda3e5a0467b6513eec713748f459e?cid=9950ac751e34487dbbe027c4fd7f8e99","false","55","NLB639080001","spotify:user:12136711908","2022-09-30T13:56:18Z"
"spotify:track:2sKo5u6IppUEudIz265wYa","Yo Te Amo","spotify:artist:1JbemQ1fPt2YmSLjAFhPBv","Chayanne","spotify:album:5ktMfzQRYlQawZcnmIB1VW","Simplemente","spotify:artist:1JbemQ1fPt2YmSLjAFhPBv","Chayanne","2000-11-28","https://i.scdn.co/image/ab67616d0000b273706c587d9f26c8705bee187e","1","4","288946","https://p.scdn.co/mp3-preview/3f73e1e0d52ab7b5a9bee961bf750edc22da909d?cid=9950ac751e34487dbbe027c4fd7f8e99","false","70","NLB630000109","spotify:user:12136711908","2022-09-30T13:56:18Z"
"spotify:track:0U2GMzCpEOl25moMM3qfBF","Caja","spotify:artist:2e4nwiX8ZCU09LGLOpeqTH","Laura Pausini","spotify:album:5w35vhKYFsJNo9My9N2Gh1","Caja","spotify:artist:2e4nwiX8ZCU09LGLOpeqTH","Laura Pausini","2022-01-20","https://i.scdn.co/image/ab67616d0000b273c39288831a3227c49fae4c26","1","1","207914","https://p.scdn.co/mp3-preview/da8b82c6b30da06451a339136639175eed7de64f?cid=9950ac751e34487dbbe027c4fd7f8e99","false","39","ITF772200002","spotify:user:12136711908","2022-09-30T13:56:18Z"
"spotify:track:7vPhS66JQeI0grgyByCBCH","Ayer","spotify:artist:7qG3b048QCHVRO5Pv1T5lw","Enrique Iglesias","spotify:album:5JNhQFH8HMKQWP4SITzdoc","Euphoria","spotify:artist:7qG3b048QCHVRO5Pv1T5lw","Enrique Iglesias","2010","https://i.scdn.co/image/ab67616d0000b273f6fa4a75fccc308f26c726c6","1","8","213720","","false","61","GBUM71010005","spotify:user:12136711908","2022-09-30T13:56:18Z"
"spotify:track:21DZByorOzBJ0a0mikH8ri","A Veces Bien Y A Veces Mal","spotify:artist:7slfeZO9LsJbWgpkIoXBUJ, spotify:artist:0vR2qb8m9WHeZ5ByCbimq2","Ricky Martin, Reik","spotify:album:0pWorPBOSUnnsjMWWAXtci","A Veces Bien Y A Veces Mal","spotify:artist:7slfeZO9LsJbWgpkIoXBUJ, spotify:artist:0vR2qb8m9WHeZ5ByCbimq2","Ricky Martin, Reik","2022-04-14","https://i.scdn.co/image/ab67616d0000b273d107f97f4e6fd4641dee5ce5","1","1","145783","https://p.scdn.co/mp3-preview/7f0f37884858cd5e762ef1aa43f1d682a43043df?cid=9950ac751e34487dbbe027c4fd7f8e99","false","52","USSD12200087","spotify:user:12136711908","2022-09-30T13:56:18Z"
"spotify:track:3lvVbKDMEFCURhQRYRvz0L","Deshielo","spotify:artist:3TLGNOdp1UWYMnV5XG9HkR","Malú","spotify:album:79ji7MEaR9x0A6hG4MOyNo","Mil Batallas","spotify:artist:3TLGNOdp1UWYMnV5XG9HkR","Malú","2021-10-22","https://i.scdn.co/image/ab67616d0000b273f1c30b954c1a4ba6d90b2b80","1","2","217808","https://p.scdn.co/mp3-preview/cdadbeded3517bdcaa91b468971c3e9992eebed8?cid=9950ac751e34487dbbe027c4fd7f8e99","false","32","ES5022101450","spotify:user:12136711908","2022-09-30T13:56:18Z"
"spotify:track:159yUhKZg2ZAdt0HknTqDr","¿Quién Te Dijo Eso?","spotify:artist:4V8Sr092TqfHkfAA5fXXqG","Luis Fonsi","spotify:album:7u8IWfPzlYcqN4N6tU4FcW","Abrazar La Vida","spotify:artist:4V8Sr092TqfHkfAA5fXXqG","Luis Fonsi","2003-01-01","https://i.scdn.co/image/ab67616d0000b273ee6ddcd88973b0540c39c684","1","1","271600","","false","67","USUL10300749","spotify:user:12136711908","2022-09-30T13:56:18Z"
"spotify:track:4go2M6us50x9TQ1NvsB4vt","Aqui Estoy Yo","spotify:artist:4V8Sr092TqfHkfAA5fXXqG, spotify:artist:0r8toju2ecKaVtItkzAnNi, spotify:artist:2uEjXyVi0SA1HPpj3zquXh, spotify:artist:5gOJTI4TusSENizxhcG7jB","Luis Fonsi, Aleks Syntek, Noel Schajris, David Bisbal","spotify:album:5gCxcHCAA50nboku1ks180","Palabras Del Silencio (Edición Aniversario - Un Año Despues)","spotify:artist:4V8Sr092TqfHkfAA5fXXqG","Luis Fonsi","2008","https://i.scdn.co/image/ab67616d0000b273103c561a93cff10ff32903a1","1","11","251520","","false","70","USUM70812966","spotify:user:12136711908","2022-09-30T13:56:18Z"
"spotify:track:3JjjmUzjEdFdDiNyJdpDTT","Se Nos Rompió El Amor","spotify:artist:5gOJTI4TusSENizxhcG7jB","David Bisbal","spotify:album:2bIohYt4kJM896h5LClSz4","Se Nos Rompió El Amor","spotify:artist:5gOJTI4TusSENizxhcG7jB","David Bisbal","2022-04-21","https://i.scdn.co/image/ab67616d0000b273f767e30c7a79da41528b3424","1","1","154293","","false","33","ES5702200067","spotify:user:12136711908","2022-09-30T13:56:18Z"
"spotify:track:0GIQqhTJpBvAUwThmUHbPj","Espacio en Tu Corazón","spotify:artist:7qG3b048QCHVRO5Pv1T5lw","Enrique Iglesias","spotify:album:1Jrh0ptfEVDJbLbhG8vQHd","Espacio en Tu Corazón","spotify:artist:7qG3b048QCHVRO5Pv1T5lw","Enrique Iglesias","2022-03-28","https://i.scdn.co/image/ab67616d0000b27352f90f8e5771510e5ee97c8c","1","1","178849","https://p.scdn.co/mp3-preview/c240f44865d0e338c86b74f44258430c00ea709d?cid=9950ac751e34487dbbe027c4fd7f8e99","false","44","USSD12200187","spotify:user:12136711908","2022-09-30T13:56:18Z"
"spotify:track:4lsLww9qOD4eE4SvTCwcrI","Cuándo - Versión Pop","spotify:artist:0h1zs4CTlU9D2QtgPxptUD","Ricardo Arjona","spotify:album:3Pido82I7SgITS8LDABA7y","Galeria Caribe","spotify:artist:0h1zs4CTlU9D2QtgPxptUD","Ricardo Arjona","2000","https://i.scdn.co/image/ab67616d0000b273adb19c1eb6d77ef880b39b45","1","15","259373","https://p.scdn.co/mp3-preview/ddacf9fac5bdb3089c1f9fc47f6bd092741d25b5?cid=9950ac751e34487dbbe027c4fd7f8e99","false","42","NLB630080014","spotify:user:12136711908","2022-09-30T13:56:18Z"
"spotify:track:01lHZ5GmTQ5vsXmRIuDWzP","No Amanece","spotify:artist:5gOJTI4TusSENizxhcG7jB","David Bisbal","spotify:album:2R7m2KEpz551kzsoayID3S","Tú Y Yo","spotify:artist:5gOJTI4TusSENizxhcG7jB","David Bisbal","2014-01-01","https://i.scdn.co/image/ab67616d0000b2738f0ee6a3cdb605b8b0e30101","1","1","195662","","false","46","ES5701400013","spotify:user:12136711908","2022-09-30T13:56:18Z"
"spotify:track:1kDBxsThnArFofStUmzejM","El Ruido","spotify:artist:5gOJTI4TusSENizxhcG7jB","David Bisbal","spotify:album:1xW38xA3oVHef1d8FdIZs6","Sin Mirar Atrás","spotify:artist:5gOJTI4TusSENizxhcG7jB","David Bisbal","2009-01-01","https://i.scdn.co/image/ab67616d0000b273419d26f26f86679c9a790f2a","1","9","238106","","false","50","ES5700901408","spotify:user:12136711908","2022-09-30T13:56:18Z"
"spotify:track:1w96e0p0KmUDaYNj8eMAOv","Para Enamorarte De Mí","spotify:artist:5gOJTI4TusSENizxhcG7jB","David Bisbal","spotify:album:4bvmCkLESm57sj8OF8tSMn","Para Enamorarte De Mí","spotify:artist:5gOJTI4TusSENizxhcG7jB","David Bisbal","2013-01-01","https://i.scdn.co/image/ab67616d0000b2737d18821d41555a06fb3f2e7a","1","1","231646","","false","0","ES5701300778","spotify:user:12136711908","2022-09-30T13:56:18Z"
"spotify:track:0DQ5o1BnOM0rPfyqJ3QK19","Me Derrumbo","spotify:artist:5gOJTI4TusSENizxhcG7jB","David Bisbal","spotify:album:3NAwGAUFcWaIuRk9aCRoCR","David Bisbal (International Version)","spotify:artist:5gOJTI4TusSENizxhcG7jB","David Bisbal","2006-01-01","https://i.scdn.co/image/ab67616d0000b273cdf7b21a19af6769b8951b8d","1","2","251773","","false","0","ES6010400003","spotify:user:12136711908","2022-09-30T13:56:18Z"
"spotify:track:0E1DXeoOFNyk0hTmz6225G","Premonición","spotify:artist:5gOJTI4TusSENizxhcG7jB","David Bisbal","spotify:album:5hEYoa9fNmsmBB49fzPZkq","Lo Mejor De David Bisbal","spotify:artist:5gOJTI4TusSENizxhcG7jB","David Bisbal","2013-01-01","https://i.scdn.co/image/ab67616d0000b273fa1eaae6241eaf21b5711a49","1","11","245680","","false","0","ES6010600398","spotify:user:12136711908","2022-09-30T13:56:18Z"
"spotify:track:7A1V7IEbwn2nuFGreV8DNv","Si Tú Te Vas","spotify:artist:7qG3b048QCHVRO5Pv1T5lw","Enrique Iglesias","spotify:album:18FB0rct42g5hNr14l70GK","Enrique Iglesias","spotify:artist:7qG3b048QCHVRO5Pv1T5lw","Enrique Iglesias","1995-11-23","https://i.scdn.co/image/ab67616d0000b2730aab643232cb0f0a78349929","1","4","244000","https://p.scdn.co/mp3-preview/617832dab2c993488f8de8176c1c7d3665d97bd6?cid=9950ac751e34487dbbe027c4fd7f8e99","false","66","USUL10200210","spotify:user:12136711908","2022-09-30T13:56:18Z"
"spotify:track:5SAED5EpG2omE0XIBLwKLi","Tú Me Delatas","spotify:artist:5gOJTI4TusSENizxhcG7jB","David Bisbal","spotify:album:0xsTTmJKU8ii6x4pkTXtjT","Tú Me Delatas","spotify:artist:5gOJTI4TusSENizxhcG7jB","David Bisbal","2022-07-14","https://i.scdn.co/image/ab67616d0000b273c42f722cbbd1befb6f56e402","1","1","197426","","false","47","ES5702201056","spotify:user:12136711908","2022-09-30T13:56:18Z"
"spotify:track:7FLEeqi2I5j2Dn15RWfhF7","Vete","spotify:artist:3TLGNOdp1UWYMnV5XG9HkR","Malú","spotify:album:79ji7MEaR9x0A6hG4MOyNo","Mil Batallas","spotify:artist:3TLGNOdp1UWYMnV5XG9HkR","Malú","2021-10-22","https://i.scdn.co/image/ab67616d0000b273f1c30b954c1a4ba6d90b2b80","1","10","172800","https://p.scdn.co/mp3-preview/c55c1b880fb660eb68848673088c56046b48cdeb?cid=9950ac751e34487dbbe027c4fd7f8e99","false","37","ES5022101457","spotify:user:12136711908","2022-09-30T13:56:18Z"
"spotify:track:0u7OZcuebq9pXJVfxeP8O1","Lo Tenga O No","spotify:artist:5gOJTI4TusSENizxhcG7jB","David Bisbal","spotify:album:290if5arRdYx7NySut8mfy","Hijos Del Mar","spotify:artist:5gOJTI4TusSENizxhcG7jB","David Bisbal","2016-12-02","https://i.scdn.co/image/ab67616d0000b2738f15e8b0ceadb6123981aa3b","1","2","269754","","false","46","ES5701601027","spotify:user:12136711908","2022-09-30T13:56:18Z"
"spotify:track:55CJCECkPMd9ZhGr4JOKn7","Contigo","spotify:artist:07YUOmWljBTXwIseAUd9TW, spotify:artist:5M9Bb4adKAgrOFOhc05Y50","Sebastian Yatra, Pablo Alborán","spotify:album:6fv6tD2JlEMZaFf6tF0GcH","Contigo","spotify:artist:07YUOmWljBTXwIseAUd9TW, spotify:artist:5M9Bb4adKAgrOFOhc05Y50","Sebastian Yatra, Pablo Alborán","2022-07-21","https://i.scdn.co/image/ab67616d0000b273c5cd783fe813f242b903b179","1","1","208600","","false","59","USUM72212937","spotify:user:12136711908","2022-09-30T13:56:18Z"
"spotify:track:2MqQtML6652d7oIgrdumKH","Viaje a ningún lado (con Carin Leon)","spotify:artist:5M9Bb4adKAgrOFOhc05Y50, spotify:artist:66ihevNkSYNzRAl44dx6jJ","Pablo Alborán, Carín León","spotify:album:1zsGPMjwq2tK1reGSPhmZ4","Viaje a ningún lado (con Carin Leon)","spotify:artist:5M9Bb4adKAgrOFOhc05Y50, spotify:artist:66ihevNkSYNzRAl44dx6jJ","Pablo Alborán, Carín León","2022-10-14","https://i.scdn.co/image/ab67616d0000b27339cb61d06592ed1dc123a0b0","1","1","229567","https://p.scdn.co/mp3-preview/2dbebbd3f40d8b112dd0eab6399ac7d71c67a9d1?cid=9950ac751e34487dbbe027c4fd7f8e99","false","46","ES5152200982","spotify:user:12136711908","2022-11-07T15:52:48Z"
"spotify:track:34tHZJLk0adg5tW49iybbE","Amigos (con Maria Becerra)","spotify:artist:5M9Bb4adKAgrOFOhc05Y50, spotify:artist:1DxLCyH42yaHKGK3cl5bvG","Pablo Alborán, Maria Becerra","spotify:album:3znR1F0VbgfKsDyTeC0Nt8","Amigos (con Maria Becerra)","spotify:artist:5M9Bb4adKAgrOFOhc05Y50, spotify:artist:1DxLCyH42yaHKGK3cl5bvG","Pablo Alborán, Maria Becerra","2022-11-10","https://i.scdn.co/image/ab67616d0000b27380873df67a9e24720aa8c8ba","1","1","233755","https://p.scdn.co/mp3-preview/2facd631a957ee7172100cd0c3aaef912e810389?cid=9950ac751e34487dbbe027c4fd7f8e99","false","63","ES5152200975","spotify:user:12136711908","2022-11-15T19:07:01Z"
"spotify:track:68XBk9NDtBRYN5E52b3OHf","4U (con Leo Rizzi)","spotify:artist:5M9Bb4adKAgrOFOhc05Y50, spotify:artist:2281RSmb2cN6knnt0Iarb2","Pablo Alborán, Leo Rizzi","spotify:album:2Iqhzdnwa1SlsTtqfQXWfn","La cuarta hoja","spotify:artist:5M9Bb4adKAgrOFOhc05Y50","Pablo Alborán","2022-12-01","https://i.scdn.co/image/ab67616d0000b2731b6adeef3a4366be8d4d2aef","1","8","188583","https://p.scdn.co/mp3-preview/604d6d09d3cc5586a1eff45792c7f5a2db4b8930?cid=9950ac751e34487dbbe027c4fd7f8e99","false","43","ES5152200981","spotify:user:12136711908","2022-12-04T15:49:44Z"
"spotify:track:7zMeXqVHknhnpr8KnP3ml2","Ausente","spotify:artist:3TLGNOdp1UWYMnV5XG9HkR","Malú","spotify:album:5fNf8iNGcNe5VIeXpOqj21","Ausente","spotify:artist:3TLGNOdp1UWYMnV5XG9HkR","Malú","2023-08-31","https://i.scdn.co/image/ab67616d0000b27318451a20ae41920c1cd20b7b","1","1","214109","https://p.scdn.co/mp3-preview/b7315538a63db3d1f5e4ace6b6c80582f9a6bc48?cid=9950ac751e34487dbbe027c4fd7f8e99","false","35","ES5022302090","spotify:user:12136711908","2023-09-14T14:34:36Z"
"spotify:track:31b58rptcRHxSQbrrQNsRa","Tengo Roto El Corazón","spotify:artist:5gOJTI4TusSENizxhcG7jB","David Bisbal","spotify:album:6eWbqszqlXYVLcAT9Ux4It","Tengo Roto El Corazón","spotify:artist:5gOJTI4TusSENizxhcG7jB","David Bisbal","2023-08-31","https://i.scdn.co/image/ab67616d0000b273b609d8df2a2ee9be82b525eb","1","1","193326","","false","33","ESUM72200164","spotify:user:12136711908","2023-09-14T14:34:54Z"
"spotify:track:4FJHG1aW704Cq66OxuyOrq","🦋 MARIPOSAS 🦋","spotify:artist:5FQ8tBUtIamA2hRtatrYUF, spotify:artist:5M9Bb4adKAgrOFOhc05Y50","Marc Seguí, Pablo Alborán","spotify:album:21lNO9EMMnQMQsXytV9ORY","🦋 MARIPOSAS 🦋","spotify:artist:5FQ8tBUtIamA2hRtatrYUF, spotify:artist:5M9Bb4adKAgrOFOhc05Y50","Marc Seguí, Pablo Alborán","2023-08-31","https://i.scdn.co/image/ab67616d0000b2736b046a01cbc6ef5ed1e8c2e8","1","1","162816","https://p.scdn.co/mp3-preview/ee993ec61ffe2366b03e068d2ad7d06d934778da?cid=9950ac751e34487dbbe027c4fd7f8e99","false","52","ES5152300694","spotify:user:12136711908","2023-09-14T14:35:04Z"
"spotify:track:4IDp1zu5LGwVzrp9j9WjHW","Amo","spotify:artist:32x1uogH2zajP85pzZAtuE","Axel","spotify:album:4RU6LeSHI15XPpGykpSM65","Amo","spotify:artist:32x1uogH2zajP85pzZAtuE","Axel","2003-01-16","https://i.scdn.co/image/ab67616d0000b2733f15ab526ed2c778981833cf","1","5","213213","https://p.scdn.co/mp3-preview/73a9988bb8c45489ce410b6a9ccb7b3589d41cfe?cid=9950ac751e34487dbbe027c4fd7f8e99","false","58","ARF100300661","spotify:user:12136711908","2023-10-21T02:00:29Z"
"spotify:track:2pWBSBT4GLSqt4mb0dkokU","Te Voy A Amar","spotify:artist:32x1uogH2zajP85pzZAtuE","Axel","spotify:album:7McgebAgt9gSwYSdvPjqXQ","Un Nuevo Sol (Versión Standard)","spotify:artist:32x1uogH2zajP85pzZAtuE","Axel","2011-01-01","https://i.scdn.co/image/ab67616d0000b27300484844a3141ce1026f752e","1","2","253240","","false","63","ARUM71100168","spotify:user:12136711908","2023-10-21T02:00:38Z"
"spotify:track:1OCre5vxYq2Vk1wfFsTWE1","Me Cambiaste la Vida","spotify:artist:2O3v9rCTzLhPFaGaAVgZLt","Río Roma","spotify:album:1JfMi4WASZMLUUgcMxHhb6","Al Fin Te Encontré","spotify:artist:2O3v9rCTzLhPFaGaAVgZLt","Río Roma","2012-07-24","https://i.scdn.co/image/ab67616d0000b273e638dfbd1f3089878f38c73b","1","6","234480","https://p.scdn.co/mp3-preview/4246b6585f64fd4957ace07744ea30de108c0df8?cid=9950ac751e34487dbbe027c4fd7f8e99","false","66","MXF011000098","spotify:user:12136711908","2023-10-21T02:07:02Z"
"spotify:track:7aaQBuKaA176gTsdcZNLqS","Amar Es Lo Que Quiero","spotify:artist:5gOJTI4TusSENizxhcG7jB","David Bisbal","spotify:album:7j74PZNNtthH0JwMPSqIVw","20 Años Contigo","spotify:artist:5gOJTI4TusSENizxhcG7jB","David Bisbal","2021-12-02","https://i.scdn.co/image/ab67616d0000b273772c9451c2e541d15da9b562","1","15","209800","","false","18","ES6010600396","spotify:user:12136711908","2023-11-02T13:16:16Z"
"spotify:track:3gqAOuknuvdmGhC5Xxwmnl","Sin Mirar Atrás","spotify:artist:5gOJTI4TusSENizxhcG7jB","David Bisbal","spotify:album:7j74PZNNtthH0JwMPSqIVw","20 Años Contigo","spotify:artist:5gOJTI4TusSENizxhcG7jB","David Bisbal","2021-12-02","https://i.scdn.co/image/ab67616d0000b273772c9451c2e541d15da9b562","1","17","211186","","false","20","ES5700901403","spotify:user:12136711908","2023-11-02T13:16:16Z"
"spotify:track:4vpjgTgw89YIgzSwUGELdW","Sabrás","spotify:artist:5gOJTI4TusSENizxhcG7jB","David Bisbal","spotify:album:7j74PZNNtthH0JwMPSqIVw","20 Años Contigo","spotify:artist:5gOJTI4TusSENizxhcG7jB","David Bisbal","2021-12-02","https://i.scdn.co/image/ab67616d0000b273772c9451c2e541d15da9b562","2","14","251493","","false","12","ES5701901563","spotify:user:12136711908","2023-11-02T13:16:16Z"
"spotify:track:4W5Axqgidf9SeSQ0NZxQJg","Quién Me Iba A Decir","spotify:artist:5gOJTI4TusSENizxhcG7jB","David Bisbal","spotify:album:2R540v1bYdXgVlZARNtk0z","Premonición","spotify:artist:5gOJTI4TusSENizxhcG7jB","David Bisbal","2006","https://i.scdn.co/image/ab67616d0000b2735e84a9f8a82b9c2b45597f5d","1","1","218866","","false","49","ES6010600392","spotify:user:12136711908","2023-11-02T13:16:16Z"
"spotify:track:4w1iNNeIWzyB9kwteZBmdw","Besos De Tu Boca","spotify:artist:5gOJTI4TusSENizxhcG7jB","David Bisbal","spotify:album:1xW38xA3oVHef1d8FdIZs6","Sin Mirar Atrás","spotify:artist:5gOJTI4TusSENizxhcG7jB","David Bisbal","2009-01-01","https://i.scdn.co/image/ab67616d0000b273419d26f26f86679c9a790f2a","1","5","207693","","false","27","ES5700901404","spotify:user:12136711908","2023-11-02T13:16:16Z"
"spotify:track:1oSSVNlpt5ClaMUPwHyKbW","Cuando Hacemos El Amor","spotify:artist:5gOJTI4TusSENizxhcG7jB","David Bisbal","spotify:album:1xW38xA3oVHef1d8FdIZs6","Sin Mirar Atrás","spotify:artist:5gOJTI4TusSENizxhcG7jB","David Bisbal","2009-01-01","https://i.scdn.co/image/ab67616d0000b273419d26f26f86679c9a790f2a","1","8","296013","","false","31","ES5700901407","spotify:user:12136711908","2023-11-02T13:16:16Z"
"spotify:track:4TCp1179sDLiYewv08gJOt","Sueños Rotos","spotify:artist:5gOJTI4TusSENizxhcG7jB","David Bisbal","spotify:album:1xW38xA3oVHef1d8FdIZs6","Sin Mirar Atrás","spotify:artist:5gOJTI4TusSENizxhcG7jB","David Bisbal","2009-01-01","https://i.scdn.co/image/ab67616d0000b273419d26f26f86679c9a790f2a","1","6","239840","","false","33","ES5700901405","spotify:user:12136711908","2023-11-02T13:16:16Z"
"spotify:track:3Q4FaOnjk8Qvx6pZe4rflD","Somos dos - De ""Elemental""","spotify:artist:5M9Bb4adKAgrOFOhc05Y50","Pablo Alborán","spotify:album:6otlcR9HaS4xAkk0BUvOr5","Somos dos (De ""Elemental"")","spotify:artist:5M9Bb4adKAgrOFOhc05Y50","Pablo Alborán","2023-06-30","https://i.scdn.co/image/ab67616d0000b2731a3bab51b76805ef772cf218","1","1","194579","","false","46","USWD12327767","spotify:user:12136711908","2023-11-02T13:16:16Z"
"spotify:track:5L1JML9IPlfSWe2qLLILPH","Angel Caido","spotify:artist:3TLGNOdp1UWYMnV5XG9HkR","Malú","spotify:album:7mtpmeNQKziKSMscLcK0kn","Si","spotify:artist:3TLGNOdp1UWYMnV5XG9HkR","Malú","2013-10-14","https://i.scdn.co/image/ab67616d0000b27314eddd1fb32a2967d00a09f4","1","6","218576","https://p.scdn.co/mp3-preview/7935aebc8f4ec82e9988671b017a1d66c0516394?cid=9950ac751e34487dbbe027c4fd7f8e99","false","48","ES5021300688","spotify:user:12136711908","2023-11-02T13:16:16Z"
"spotify:track:6DT0LvU0a2wI3RN7SQs8P6","Me Enamoré De Ti","spotify:artist:5gOJTI4TusSENizxhcG7jB","David Bisbal","spotify:album:01akT8TopYGRiYtyeN0qTU","Me Enamoré De Ti","spotify:artist:5gOJTI4TusSENizxhcG7jB","David Bisbal","2016-01-29","https://i.scdn.co/image/ab67616d0000b273063cd4486bf4e32f6e8f788d","1","1","206173","","false","63","ES5701600013","spotify:user:12136711908","2024-02-27T14:53:25Z"
"spotify:track:0bozYJjedwJwsvg7WWrWnX","Diez Mil Maneras","spotify:artist:5gOJTI4TusSENizxhcG7jB","David Bisbal","spotify:album:2R7m2KEpz551kzsoayID3S","Tú Y Yo","spotify:artist:5gOJTI4TusSENizxhcG7jB","David Bisbal","2014-01-01","https://i.scdn.co/image/ab67616d0000b2738f0ee6a3cdb605b8b0e30101","1","3","213060","","false","61","ES5701301245","spotify:user:12136711908","2024-02-27T14:53:25Z"
"spotify:track:0Iq3HjrP3Mg8y4UAmOLNJR","Todos los Secretos","spotify:artist:3TLGNOdp1UWYMnV5XG9HkR, spotify:artist:5M9Bb4adKAgrOFOhc05Y50","Malú, Pablo Alborán","spotify:album:10QJCba4SHjG0fuQyJXPH0","A TODO SÍ","spotify:artist:3TLGNOdp1UWYMnV5XG9HkR","Malú","2023-12-08","https://i.scdn.co/image/ab67616d0000b273d41ee79a40b74a8f6d50a780","1","7","218552","https://p.scdn.co/mp3-preview/50177bf23e49a950966eabdcad2273bf9d2af2ac?cid=9950ac751e34487dbbe027c4fd7f8e99","false","32","ES5022302526","spotify:user:12136711908","2024-02-27T14:53:25Z"
"spotify:track:5FgGcOvFq5pR5E4Ei9YRFL","El Apagón","spotify:artist:3TLGNOdp1UWYMnV5XG9HkR, spotify:artist:1EXjXQpDx2pROygh8zvHs4","Malú, Melendi","spotify:album:10QJCba4SHjG0fuQyJXPH0","A TODO SÍ","spotify:artist:3TLGNOdp1UWYMnV5XG9HkR","Malú","2023-12-08","https://i.scdn.co/image/ab67616d0000b273d41ee79a40b74a8f6d50a780","1","3","218637","https://p.scdn.co/mp3-preview/bb34d38ae2c0925b52e2ef4324752b1b1a3784cd?cid=9950ac751e34487dbbe027c4fd7f8e99","false","38","ES5022302522","spotify:user:12136711908","2024-02-27T14:53:25Z"
"spotify:track:4n3YlA6zMDv8mVrwbLq4dC","Quién - Acústico 2022","spotify:artist:5M9Bb4adKAgrOFOhc05Y50","Pablo Alborán","spotify:album:3nYJDr8s1Jyw4YeZRcScQc","La cuarta hoja (Extended Version)","spotify:artist:5M9Bb4adKAgrOFOhc05Y50","Pablo Alborán","2023-01-31","https://i.scdn.co/image/ab67616d0000b273dde6dfd766e17da5f37a87f4","2","21","208920","https://p.scdn.co/mp3-preview/63ebc425fea40679d16e10e061d56ce48fd35134?cid=9950ac751e34487dbbe027c4fd7f8e99","false","30","ES5152201515","spotify:user:12136711908","2024-02-27T14:53:25Z"
"spotify:track:2nvIAq7A9B0joOd5TNAhPs","Que siempre sea verano - Acústico 2022","spotify:artist:5M9Bb4adKAgrOFOhc05Y50","Pablo Alborán","spotify:album:3nYJDr8s1Jyw4YeZRcScQc","La cuarta hoja (Extended Version)","spotify:artist:5M9Bb4adKAgrOFOhc05Y50","Pablo Alborán","2023-01-31","https://i.scdn.co/image/ab67616d0000b273dde6dfd766e17da5f37a87f4","2","4","211538","https://p.scdn.co/mp3-preview/3d9500f0a8caa6dae6ec8640b64cc366a1ae3b28?cid=9950ac751e34487dbbe027c4fd7f8e99","false","33","ES5152201498","spotify:user:12136711908","2024-02-27T14:53:25Z"
"spotify:track:6ejjgYjbvt7cw6Lzwj1Nhg","La fiesta - Acústico 2022","spotify:artist:5M9Bb4adKAgrOFOhc05Y50","Pablo Alborán","spotify:album:3nYJDr8s1Jyw4YeZRcScQc","La cuarta hoja (Extended Version)","spotify:artist:5M9Bb4adKAgrOFOhc05Y50","Pablo Alborán","2023-01-31","https://i.scdn.co/image/ab67616d0000b273dde6dfd766e17da5f37a87f4","2","19","207870","https://p.scdn.co/mp3-preview/301b53490ee740e1014c9765239176efecbcf4ba?cid=9950ac751e34487dbbe027c4fd7f8e99","false","25","ES5152201513","spotify:user:12136711908","2024-02-27T14:53:25Z"
"spotify:track:0L7MXIbYEvgVn59UcvgJhe","Dicen - Acústico 2022","spotify:artist:5M9Bb4adKAgrOFOhc05Y50","Pablo Alborán","spotify:album:3nYJDr8s1Jyw4YeZRcScQc","La cuarta hoja (Extended Version)","spotify:artist:5M9Bb4adKAgrOFOhc05Y50","Pablo Alborán","2023-01-31","https://i.scdn.co/image/ab67616d0000b273dde6dfd766e17da5f37a87f4","2","17","201311","https://p.scdn.co/mp3-preview/0fcc20b7eefd821b5f704c7d46c0d74b8f95f0da?cid=9950ac751e34487dbbe027c4fd7f8e99","false","26","ES5152201511","spotify:user:12136711908","2024-02-27T14:53:25Z"
"spotify:track:4bV71bCCzUTCPFXn7AVIf0","Hablemos de amor - Acústico 2022","spotify:artist:5M9Bb4adKAgrOFOhc05Y50","Pablo Alborán","spotify:album:3nYJDr8s1Jyw4YeZRcScQc","La cuarta hoja (Extended Version)","spotify:artist:5M9Bb4adKAgrOFOhc05Y50","Pablo Alborán","2023-01-31","https://i.scdn.co/image/ab67616d0000b273dde6dfd766e17da5f37a87f4","2","1","227521","https://p.scdn.co/mp3-preview/50996458e942621a6619eff66366df0c13550e0f?cid=9950ac751e34487dbbe027c4fd7f8e99","false","31","ES5152201495","spotify:user:12136711908","2024-02-27T14:53:25Z"
"spotify:track:4KRSPSD9KxXA5hIZtfgrhx","Cómo Duele","spotify:artist:0h1zs4CTlU9D2QtgPxptUD","Ricardo Arjona","spotify:album:1lAcw28eXEykFsIBDWES4o","5to Piso","spotify:artist:0h1zs4CTlU9D2QtgPxptUD","Ricardo Arjona","2008","https://i.scdn.co/image/ab67616d0000b273c741ee950fcdb560d2782153","1","4","210400","https://p.scdn.co/mp3-preview/603fc042f882cfc489cc03c2e59698fe56e69d49?cid=9950ac751e34487dbbe027c4fd7f8e99","false","1","QMA2T1500187","spotify:user:12136711908","2025-09-23T21:34:17Z"
"spotify:track:3LTHhkihfdgYtQMUNJQBgv","Fecha de Caducidad","spotify:artist:1EXjXQpDx2pROygh8zvHs4","Melendi","spotify:album:3Vi7j2xvLZRfDgZw2s6iWH","Fecha de Caducidad","spotify:artist:1EXjXQpDx2pROygh8zvHs4","Melendi","2026-02-27","https://i.scdn.co/image/ab67616d0000b273ee7a79503701ee4444f20752","1","1","305466","https://p.scdn.co/mp3-preview/351a42d00310e0936255be08d8a6b0bbb9e630b9?cid=9950ac751e34487dbbe027c4fd7f8e99","false","59","ES5022600122","spotify:user:12136711908","2026-05-09T15:44:51Z"
"spotify:track:38d6qPYxamQs9RCcRxso6R","No Me Des la Tabarra","spotify:artist:1EXjXQpDx2pROygh8zvHs4","Melendi","spotify:album:2KBMiolYLAEuyYDhSqi1XP","No Me Des la Tabarra","spotify:artist:1EXjXQpDx2pROygh8zvHs4","Melendi","2026-03-27","https://i.scdn.co/image/ab67616d0000b273ab918ba63f5e52056b6753ad","1","1","245378","https://p.scdn.co/mp3-preview/30d4cdfe80d35364377849863d6406a686c59835?cid=9950ac751e34487dbbe027c4fd7f8e99","false","56","ES5022600339","spotify:user:12136711908","2026-05-09T15:44:51Z"
"spotify:track:30fg5jzLCAPTrCbBurBA41","Mentiras Arriesgadas","spotify:artist:1EXjXQpDx2pROygh8zvHs4","Melendi","spotify:album:7CY5pnkyNQT1T5uR2TaF80","Mentiras Arriesgadas","spotify:artist:1EXjXQpDx2pROygh8zvHs4","Melendi","2026-04-24","https://i.scdn.co/image/ab67616d0000b273f83e209f8d5a037d8af4a184","1","1","212960","https://p.scdn.co/mp3-preview/98b563ab505c2c1d56381120dd87bbac695e58ef?cid=9950ac751e34487dbbe027c4fd7f8e99","false","49","ES5022600335","spotify:user:12136711908","2026-05-09T15:44:51Z"
"spotify:track:4lN533ecUjcnqTkdxaYoP2","Tocado y hundido","spotify:artist:1EXjXQpDx2pROygh8zvHs4","Melendi","spotify:album:0Ggp1Xlj8V9dBz1nrQATgo","Un alumno más","spotify:artist:1EXjXQpDx2pROygh8zvHs4","Melendi","2014-11-25","https://i.scdn.co/image/ab67616d0000b273bebbbfeb614d51835b817beb","1","2","211586","https://p.scdn.co/mp3-preview/398ca856515fc3c5b8535dfb8b1f08352eed5ca2?cid=9950ac751e34487dbbe027c4fd7f8e99","false","2","ES5151401227","spotify:user:12136711908","2026-07-24T13:20:19Z"
"spotify:track:5i3ujTXdTQNRWJgDeatVO0","Habitantes de un Mismo Planeta","spotify:artist:1EXjXQpDx2pROygh8zvHs4","Melendi","spotify:album:2cx8aUPxZ0GvVJkJdNXeOM","Ahora","spotify:artist:1EXjXQpDx2pROygh8zvHs4","Melendi","2018-03-09","https://i.scdn.co/image/ab67616d0000b27303e608a0e5d9ade27dfa8d0c","1","9","258519","https://p.scdn.co/mp3-preview/c8e3831fe0c0c2d63aa724671471aebf43a86c33?cid=9950ac751e34487dbbe027c4fd7f8e99","false","34","ES5021800008","spotify:user:12136711908","2026-07-24T13:20:19Z"
"spotify:track:1pKJ8Ie19uPW7luOUpY9Ef","Una Noche Para Siempre","spotify:artist:1EXjXQpDx2pROygh8zvHs4","Melendi","spotify:album:309uagfPtaKPwlqZgH16xD","10:20:40","spotify:artist:1EXjXQpDx2pROygh8zvHs4","Melendi","2019-11-29","https://i.scdn.co/image/ab67616d0000b27347dce93683c8390a3a07b8e7","1","2","233386","https://p.scdn.co/mp3-preview/129a1cfcc39b3534db38fbd3c81e9353b1d6635f?cid=9950ac751e34487dbbe027c4fd7f8e99","false","45","ES5021901624","spotify:user:12136711908","2026-07-24T13:20:19Z"
"spotify:track:6Dy17fyR76yJ5w2MsGAUvm","Adiós Soledad","spotify:artist:1EXjXQpDx2pROygh8zvHs4","Melendi","spotify:album:309uagfPtaKPwlqZgH16xD","10:20:40","spotify:artist:1EXjXQpDx2pROygh8zvHs4","Melendi","2019-11-29","https://i.scdn.co/image/ab67616d0000b27347dce93683c8390a3a07b8e7","1","8","243680","https://p.scdn.co/mp3-preview/bc59933cf18a6793abeb9f6b19ef412bb86ff4c4?cid=9950ac751e34487dbbe027c4fd7f8e99","false","45","ES5021901630","spotify:user:12136711908","2026-07-24T13:20:19Z"
"spotify:track:5UqnMopLr5c5KEC0Z6eKCd","Hace Falta un Milagro","spotify:artist:1EXjXQpDx2pROygh8zvHs4","Melendi","spotify:album:309uagfPtaKPwlqZgH16xD","10:20:40","spotify:artist:1EXjXQpDx2pROygh8zvHs4","Melendi","2019-11-29","https://i.scdn.co/image/ab67616d0000b27347dce93683c8390a3a07b8e7","1","9","230693","https://p.scdn.co/mp3-preview/3e40b7e6dcd33808497f82fd820d0791ac24afa5?cid=9950ac751e34487dbbe027c4fd7f8e99","false","45","ES5021901631","spotify:user:12136711908","2026-07-24T13:20:19Z"
"spotify:track:3F2BW2B9NTLcaQO8G4FR3X","89 Grados Fahrenheit","spotify:artist:1EXjXQpDx2pROygh8zvHs4","Melendi","spotify:album:309uagfPtaKPwlqZgH16xD","10:20:40","spotify:artist:1EXjXQpDx2pROygh8zvHs4","Melendi","2019-11-29","https://i.scdn.co/image/ab67616d0000b27347dce93683c8390a3a07b8e7","1","5","208146","https://p.scdn.co/mp3-preview/b97ff59bbbe5ee9bc85c494426930147783fd163?cid=9950ac751e34487dbbe027c4fd7f8e99","false","45","ES5021901627","spotify:user:12136711908","2026-07-24T13:20:19Z"
"spotify:track:04LwcPguC12NOKEmDPE6jx","Tiempos de Re-Evolución","spotify:artist:1EXjXQpDx2pROygh8zvHs4","Melendi","spotify:album:2cx8aUPxZ0GvVJkJdNXeOM","Ahora","spotify:artist:1EXjXQpDx2pROygh8zvHs4","Melendi","2018-03-09","https://i.scdn.co/image/ab67616d0000b27303e608a0e5d9ade27dfa8d0c","1","5","222186","https://p.scdn.co/mp3-preview/0ab202c1b04f6c39c0f6371f469131bc1f5ccfcd?cid=9950ac751e34487dbbe027c4fd7f8e99","false","31","ES5021800005","spotify:user:12136711908","2026-07-24T13:20:19Z"
"spotify:track:2pujLw0ZqpPfOsQWsd6O73","Negro Sin Ti","spotify:artist:1EXjXQpDx2pROygh8zvHs4","Melendi","spotify:album:2cx8aUPxZ0GvVJkJdNXeOM","Ahora","spotify:artist:1EXjXQpDx2pROygh8zvHs4","Melendi","2018-03-09","https://i.scdn.co/image/ab67616d0000b27303e608a0e5d9ade27dfa8d0c","1","8","220453","https://p.scdn.co/mp3-preview/22124c6bba7f57f208db7db37b22cacb00a344b3?cid=9950ac751e34487dbbe027c4fd7f8e99","false","34","ES5021800002","spotify:user:12136711908","2026-07-24T13:20:19Z"
"spotify:track:7oONSApnn3wMK4VnrBXXCn","La Dama y el Vagabundo","spotify:artist:1EXjXQpDx2pROygh8zvHs4","Melendi","spotify:album:4ZkaJeOjMZh4M8o8wZM6fJ","Yo me veo contigo","spotify:artist:1EXjXQpDx2pROygh8zvHs4","Melendi","2017-12-08","https://i.scdn.co/image/ab67616d0000b2730a13fb9b2b0cd1e20f66fb98","1","42","172946","https://p.scdn.co/mp3-preview/a8a32be4e11223d149d3484b3397818d2832f313?cid=9950ac751e34487dbbe027c4fd7f8e99","false","32","ES7490500030","spotify:user:12136711908","2026-07-24T13:20:19Z"
"spotify:track:6dgvP9RsCaiAunjbkJ0zqq","Eres mía","spotify:artist:5sUrlPAHlS9NEirDB8SEbF","Alejandro Sanz","spotify:album:6iQUPW8yGLQdbf3JXmNA8N","Alejandro Sanz 3","spotify:artist:5sUrlPAHlS9NEirDB8SEbF","Alejandro Sanz","1995-09-26","https://i.scdn.co/image/ab67616d0000b2730646e298a49b0abef5decd0b","1","8","327893","https://p.scdn.co/mp3-preview/9d9a9aab60f4db5df405ead59151ec6c0b43754c?cid=9950ac751e34487dbbe027c4fd7f8e99","false","56","ES5159506018","spotify:user:12136711908","2026-07-24T13:20:19Z"
"spotify:track:1bDtogOOIqAi0u8ACbJlRi","Toca para mí","spotify:artist:5sUrlPAHlS9NEirDB8SEbF","Alejandro Sanz","spotify:album:2yfm8Icbo9F9BDrsGamjBd","Viviendo deprisa","spotify:artist:5sUrlPAHlS9NEirDB8SEbF","Alejandro Sanz","1991-08-20","https://i.scdn.co/image/ab67616d0000b273de2389c54949f4805244564c","1","9","249066","https://p.scdn.co/mp3-preview/e7143daa222f429417023dec3b5cc6cfd607b707?cid=9950ac751e34487dbbe027c4fd7f8e99","false","37","ES5159106022","spotify:user:12136711908","2026-07-24T13:20:19Z"
"spotify:track:59AdkamR7Sra0kChBt0ZNm","Quiero morir en tu veneno","spotify:artist:5sUrlPAHlS9NEirDB8SEbF","Alejandro Sanz","spotify:album:6iQUPW8yGLQdbf3JXmNA8N","Alejandro Sanz 3","spotify:artist:5sUrlPAHlS9NEirDB8SEbF","Alejandro Sanz","1995-09-26","https://i.scdn.co/image/ab67616d0000b2730646e298a49b0abef5decd0b","1","5","242973","https://p.scdn.co/mp3-preview/9ba60b8697a73ba088e74da11fb5c9ee17de61f1?cid=9950ac751e34487dbbe027c4fd7f8e99","false","60","ES5159506015","spotify:user:12136711908","2026-07-24T13:20:19Z"
"spotify:track:76rIWuvXvbC6hA8Qcw6YTK","El escaparate","spotify:artist:5sUrlPAHlS9NEirDB8SEbF","Alejandro Sanz","spotify:album:2iSb8znJjwpsaGMA5NlcnW","Si Tu Me Miras","spotify:artist:5sUrlPAHlS9NEirDB8SEbF","Alejandro Sanz","1993-05-14","https://i.scdn.co/image/ab67616d0000b27346bf936338608520f97ea15d","1","3","288200","https://p.scdn.co/mp3-preview/552c020fba3fadef340fdd6b98f387bffd1b06d4?cid=9950ac751e34487dbbe027c4fd7f8e99","false","44","ES5159306003","spotify:user:12136711908","2026-07-24T13:20:19Z"
"spotify:track:4X3GnOJ7YqV2qQcsZkdvRf","Es este amor","spotify:artist:5sUrlPAHlS9NEirDB8SEbF","Alejandro Sanz","spotify:album:2yfm8Icbo9F9BDrsGamjBd","Viviendo deprisa","spotify:artist:5sUrlPAHlS9NEirDB8SEbF","Alejandro Sanz","1991-08-20","https://i.scdn.co/image/ab67616d0000b273de2389c54949f4805244564c","1","10","212906","https://p.scdn.co/mp3-preview/52e6a91e41e36f4e78dacf8c84d277a18f42280f?cid=9950ac751e34487dbbe027c4fd7f8e99","false","32","ES5159106023","spotify:user:12136711908","2026-07-24T13:20:19Z"
"spotify:track:0l0FrDGxGW00jRcqACC8GH","Llega, llegó soledad","spotify:artist:5sUrlPAHlS9NEirDB8SEbF","Alejandro Sanz","spotify:album:7ncmnoKZ2UhqaIvoJWQlmu","El alma al aire: 20 Aniversario","spotify:artist:5sUrlPAHlS9NEirDB8SEbF","Alejandro Sanz","2000-09-26","https://i.scdn.co/image/ab67616d0000b273d792afadd4ba3e6d42423e41","1","5","277306","https://p.scdn.co/mp3-preview/644ce9d9d4488e1fc7cc1a320d83e1c6389a54e4?cid=9950ac751e34487dbbe027c4fd7f8e99","false","22","ES5150006005","spotify:user:12136711908","2026-07-24T13:20:19Z"
"spotify:track:3TACJUjqwWdVyQhaNW2kKP","Un Amor Tan Grande","spotify:artist:1EXjXQpDx2pROygh8zvHs4","Melendi","spotify:album:72w6yDcGkl4i5eW5TxJJla","Quítate las Gafas","spotify:artist:1EXjXQpDx2pROygh8zvHs4","Melendi","2016-11-11","https://i.scdn.co/image/ab67616d0000b2739a64441c5acea667cd973d0e","1","7","286240","https://p.scdn.co/mp3-preview/5fe73785abaea747101ffe61180dba52480257d6?cid=9950ac751e34487dbbe027c4fd7f8e99","false","39","ES5021600532","spotify:user:12136711908","2026-07-24T13:20:19Z"
"spotify:track:6ZcWYb4WfBGQtfl4uot8T7","Existen los ángeles","spotify:artist:1EXjXQpDx2pROygh8zvHs4","Melendi","spotify:album:4ZkaJeOjMZh4M8o8wZM6fJ","Yo me veo contigo","spotify:artist:1EXjXQpDx2pROygh8zvHs4","Melendi","2017-12-08","https://i.scdn.co/image/ab67616d0000b2730a13fb9b2b0cd1e20f66fb98","1","36","261120","https://p.scdn.co/mp3-preview/63af52bd94742bad05c7c88bf63f1b4f298bf2e3?cid=9950ac751e34487dbbe027c4fd7f8e99","false","42","ES5151601867","spotify:user:12136711908","2026-07-24T13:20:19Z"
"spotify:track:3wqhLKC5Vd00TPYNS9QaIt","Mírame","spotify:artist:1EXjXQpDx2pROygh8zvHs4","Melendi","spotify:album:2cx8aUPxZ0GvVJkJdNXeOM","Ahora","spotify:artist:1EXjXQpDx2pROygh8zvHs4","Melendi","2018-03-09","https://i.scdn.co/image/ab67616d0000b27303e608a0e5d9ade27dfa8d0c","1","1","254400","https://p.scdn.co/mp3-preview/c66c1fd54c085ff74d8ebdc48f916d0eb58cddd6?cid=9950ac751e34487dbbe027c4fd7f8e99","false","45","ES5021800001","spotify:user:12136711908","2026-07-24T13:20:19Z"
"spotify:track:36aEAf8nNow5mThmGjga5J","No te olvidaré","spotify:artist:5M9Bb4adKAgrOFOhc05Y50","Pablo Alborán","spotify:album:1PfEXmG8ioEwsj7qDaCQXc","Pablo Alboran (Deluxe)","spotify:artist:5M9Bb4adKAgrOFOhc05Y50","Pablo Alborán","2011-02-01","https://i.scdn.co/image/ab67616d0000b27399d877d3cdd8d5c88f2c7ea1","1","13","227706","https://p.scdn.co/mp3-preview/a5b4ac2991a19756615697ea01abb44c9c0aed46?cid=9950ac751e34487dbbe027c4fd7f8e99","false","37","ES7661100024","spotify:user:12136711908","2026-07-24T13:20:19Z"
"spotify:track:5yFFkdunOlv2FOvxqBGry8","Vértigo","spotify:artist:5M9Bb4adKAgrOFOhc05Y50","Pablo Alborán","spotify:album:3rMqrzAwB0tLlsA9Zrd46L","Vértigo","spotify:artist:5M9Bb4adKAgrOFOhc05Y50","Pablo Alborán","2020-12-11","https://i.scdn.co/image/ab67616d0000b27350f33f18675822ee6fbf78ce","1","16","179530","https://p.scdn.co/mp3-preview/44ac7d3b0f47a37a2d77667e357701b453ec1cdc?cid=9950ac751e34487dbbe027c4fd7f8e99","false","35","ES5152000943","spotify:user:12136711908","2026-07-24T13:20:19Z"
"spotify:track:7Mx7KgCAK3OLsymBWYl25e","De carne y hueso","spotify:artist:5M9Bb4adKAgrOFOhc05Y50","Pablo Alborán","spotify:album:3rMqrzAwB0tLlsA9Zrd46L","Vértigo","spotify:artist:5M9Bb4adKAgrOFOhc05Y50","Pablo Alborán","2020-12-11","https://i.scdn.co/image/ab67616d0000b27350f33f18675822ee6fbf78ce","1","4","167650","https://p.scdn.co/mp3-preview/2dea0f6fa7fe90f538eee073a15aae9789c512a8?cid=9950ac751e34487dbbe027c4fd7f8e99","false","35","ES5152000935","spotify:user:12136711908","2026-07-24T13:20:19Z"
"spotify:track:5qg5flXLMnGJDzCsWh05Wg","Septiembre","spotify:artist:1EXjXQpDx2pROygh8zvHs4","Melendi","spotify:album:0Ggp1Xlj8V9dBz1nrQATgo","Un alumno más","spotify:artist:1EXjXQpDx2pROygh8zvHs4","Melendi","2014-11-25","https://i.scdn.co/image/ab67616d0000b273bebbbfeb614d51835b817beb","1","7","246466","https://p.scdn.co/mp3-preview/dc86e8bceb50e589adbe05bd8b00bc4b02869aa0?cid=9950ac751e34487dbbe027c4fd7f8e99","false","0","ES5151401235","spotify:user:12136711908","2026-07-24T13:20:19Z"
"spotify:track:5FzzxbWx6fEYs9NeTvk20g","El amor es un arte","spotify:artist:1EXjXQpDx2pROygh8zvHs4","Melendi","spotify:album:0Ggp1Xlj8V9dBz1nrQATgo","Un alumno más","spotify:artist:1EXjXQpDx2pROygh8zvHs4","Melendi","2014-11-25","https://i.scdn.co/image/ab67616d0000b273bebbbfeb614d51835b817beb","1","6","265880","https://p.scdn.co/mp3-preview/b3ed415ebb7cf909c676364b67d9508c5c449d44?cid=9950ac751e34487dbbe027c4fd7f8e99","false","0","ES5151401232","spotify:user:12136711908","2026-07-24T13:20:19Z"
"spotify:track:545bq6VZWDe0bzyVavoY7H","Yo no lo sabía","spotify:artist:5M9Bb4adKAgrOFOhc05Y50","Pablo Alborán","spotify:album:7kA3hvV7UjgnA5uiUBxwlN","Tanto (Edición Premium)","spotify:artist:5M9Bb4adKAgrOFOhc05Y50","Pablo Alborán","2012","https://i.scdn.co/image/ab67616d0000b2732394ef9128f6ca9ae94622aa","1","3","238533","https://p.scdn.co/mp3-preview/5fd2d439a0edb4b59b35b44190d99253dba2f129?cid=9950ac751e34487dbbe027c4fd7f8e99","false","39","ES7661200013","spotify:user:12136711908","2026-07-24T13:20:19Z"
"spotify:track:2GJyBJWPmnM7pK961cB6iV","La promesa","spotify:artist:1EXjXQpDx2pROygh8zvHs4","Melendi","spotify:album:0Ggp1Xlj8V9dBz1nrQATgo","Un alumno más","spotify:artist:1EXjXQpDx2pROygh8zvHs4","Melendi","2014-11-25","https://i.scdn.co/image/ab67616d0000b273bebbbfeb614d51835b817beb","1","1","233040","https://p.scdn.co/mp3-preview/3d132a40c3b4799c383a98fbadb5952e39f70c95?cid=9950ac751e34487dbbe027c4fd7f8e99","false","5","ES5151401230","spotify:user:12136711908","2026-07-24T13:20:19Z"
"spotify:track:6ZeSLpjr0V0ijttOknjj4O","No está en tus planes","spotify:artist:5M9Bb4adKAgrOFOhc05Y50","Pablo Alborán","spotify:album:3rMqrzAwB0tLlsA9Zrd46L","Vértigo","spotify:artist:5M9Bb4adKAgrOFOhc05Y50","Pablo Alborán","2020-12-11","https://i.scdn.co/image/ab67616d0000b27350f33f18675822ee6fbf78ce","1","14","205368","https://p.scdn.co/mp3-preview/b415599344a6df8c28623b54e1d4e678df1ecf23?cid=9950ac751e34487dbbe027c4fd7f8e99","false","38","ES5152000942","spotify:user:12136711908","2026-07-24T13:20:19Z"
"spotify:track:6yCjU5j6YHbux2VQCBTTE1","Tu jardín con enanitos","spotify:artist:1EXjXQpDx2pROygh8zvHs4","Melendi","spotify:album:1J83k6qJHhtXaexpnJzoqr","Lágrimas desordenadas","spotify:artist:1EXjXQpDx2pROygh8zvHs4","Melendi","2012-11-13","https://i.scdn.co/image/ab67616d0000b273420c7ba982f6f92351fc0a2b","1","1","236975","https://p.scdn.co/mp3-preview/836ad021703836b3b01e2af7b6056e322b748c5c?cid=9950ac751e34487dbbe027c4fd7f8e99","false","77","ES5151201508","spotify:user:12136711908","2026-07-24T13:20:19Z"
"spotify:track:3Jlw1BKSfwCL8CpyftflYX","Soy Tu Superhéroe","spotify:artist:1EXjXQpDx2pROygh8zvHs4","Melendi","spotify:album:72w6yDcGkl4i5eW5TxJJla","Quítate las Gafas","spotify:artist:1EXjXQpDx2pROygh8zvHs4","Melendi","2016-11-11","https://i.scdn.co/image/ab67616d0000b2739a64441c5acea667cd973d0e","1","8","268426","https://p.scdn.co/mp3-preview/b928c699f2830b9fce5e736ba7fb494474bb134e?cid=9950ac751e34487dbbe027c4fd7f8e99","false","37","ES5021600533","spotify:user:12136711908","2026-07-24T13:20:19Z"
"spotify:track:66VWZjfbV6olbWFPI62Ey5","La Chica Perfecta","spotify:artist:1EXjXQpDx2pROygh8zvHs4","Melendi","spotify:album:309uagfPtaKPwlqZgH16xD","10:20:40","spotify:artist:1EXjXQpDx2pROygh8zvHs4","Melendi","2019-11-29","https://i.scdn.co/image/ab67616d0000b27347dce93683c8390a3a07b8e7","1","7","203560","https://p.scdn.co/mp3-preview/5ac537d2cc01b522c421a6066dd4374e38ae4429?cid=9950ac751e34487dbbe027c4fd7f8e99","false","50","ES5021901629","spotify:user:12136711908","2026-07-24T13:20:19Z"
"spotify:track:62sv8pbKqGwVeN4F20DSXM","Un violinista en tu tejado","spotify:artist:1EXjXQpDx2pROygh8zvHs4","Melendi","spotify:album:00UlhRF25elWQ4ImKuj8SI","Curiosa La Cara De Tu Padre","spotify:artist:1EXjXQpDx2pROygh8zvHs4","Melendi","2008-09-16","https://i.scdn.co/image/ab67616d0000b2733f39425dd684788ae6edb372","1","2","222720","https://p.scdn.co/mp3-preview/cfed79a9cede5b4285e18eca3ac791ae0c86383f?cid=9950ac751e34487dbbe027c4fd7f8e99","false","69","ESD010800122","spotify:user:12136711908","2026-07-24T13:20:19Z"
"spotify:track:245uk4JEHsX4CZf9qVCDsq","Posdata","spotify:artist:1EXjXQpDx2pROygh8zvHs4","Melendi","spotify:album:0Ggp1Xlj8V9dBz1nrQATgo","Un alumno más","spotify:artist:1EXjXQpDx2pROygh8zvHs4","Melendi","2014-11-25","https://i.scdn.co/image/ab67616d0000b273bebbbfeb614d51835b817beb","1","10","276413","https://p.scdn.co/mp3-preview/373cb223a812a91c576c858a1aa716dc97b860b0?cid=9950ac751e34487dbbe027c4fd7f8e99","false","0","ES5151401231","spotify:user:12136711908","2026-07-24T13:20:19Z"
"spotify:track:43b1cELsQfzc9TWDmCAB9x","Cuando te alejas","spotify:artist:5M9Bb4adKAgrOFOhc05Y50","Pablo Alborán","spotify:album:1PfEXmG8ioEwsj7qDaCQXc","Pablo Alboran (Deluxe)","spotify:artist:5M9Bb4adKAgrOFOhc05Y50","Pablo Alborán","2011-02-01","https://i.scdn.co/image/ab67616d0000b27399d877d3cdd8d5c88f2c7ea1","1","15","209374","https://p.scdn.co/mp3-preview/79dbb2f6d93ab1b7308d8646392099e110b7f4eb?cid=9950ac751e34487dbbe027c4fd7f8e99","false","42","ES7661000013","spotify:user:12136711908","2026-07-24T13:20:19Z"
"spotify:track:7lBOBU7sTDpEUDyoWFjbA4","Lo Que Nos Merecemos","spotify:artist:1EXjXQpDx2pROygh8zvHs4","Melendi","spotify:album:2cx8aUPxZ0GvVJkJdNXeOM","Ahora","spotify:artist:1EXjXQpDx2pROygh8zvHs4","Melendi","2018-03-09","https://i.scdn.co/image/ab67616d0000b27303e608a0e5d9ade27dfa8d0c","1","3","237626","https://p.scdn.co/mp3-preview/965488a5cb0427d2af430017a3b43d48673bbc93?cid=9950ac751e34487dbbe027c4fd7f8e99","false","55","ES5021800004","spotify:user:12136711908","2026-07-24T13:20:19Z"
"spotify:track:127qzIcDDsPDVgzwEzLJFM","Loco de atar","spotify:artist:5M9Bb4adKAgrOFOhc05Y50","Pablo Alborán","spotify:album:1PfEXmG8ioEwsj7qDaCQXc","Pablo Alboran (Deluxe)","spotify:artist:5M9Bb4adKAgrOFOhc05Y50","Pablo Alborán","2011-02-01","https://i.scdn.co/image/ab67616d0000b27399d877d3cdd8d5c88f2c7ea1","1","10","215013","https://p.scdn.co/mp3-preview/ca9bc8615e0858b5556367dc8c8f0facb8acde81?cid=9950ac751e34487dbbe027c4fd7f8e99","false","36","ES7661000009","spotify:user:12136711908","2026-07-24T13:20:19Z"
"spotify:track:3nAMQiss7oDEm26zbJjCBh","Deshidratándome","spotify:artist:5M9Bb4adKAgrOFOhc05Y50","Pablo Alborán","spotify:album:7kA3hvV7UjgnA5uiUBxwlN","Tanto (Edición Premium)","spotify:artist:5M9Bb4adKAgrOFOhc05Y50","Pablo Alborán","2012","https://i.scdn.co/image/ab67616d0000b2732394ef9128f6ca9ae94622aa","1","4","246653","https://p.scdn.co/mp3-preview/5d8819c34eba64922d6de04ed3c52a7a669169d1?cid=9950ac751e34487dbbe027c4fd7f8e99","false","37","ES7661200005","spotify:user:12136711908","2026-07-24T13:20:19Z"
"spotify:track:7LvhgaaAkP5NgVZ8YjCrNa","Ahogándome tu adiós","spotify:artist:5M9Bb4adKAgrOFOhc05Y50","Pablo Alborán","spotify:album:1cWvezm4YsxlvvOSRUXLmS","Terral","spotify:artist:5M9Bb4adKAgrOFOhc05Y50","Pablo Alborán","2014-11-10","https://i.scdn.co/image/ab67616d0000b2737e182125bce4ec18687faed1","1","7","252133","https://p.scdn.co/mp3-preview/f3c52791f479f05a2cfd62e8ca49a074a95b7efb?cid=9950ac751e34487dbbe027c4fd7f8e99","false","40","ES5151401641","spotify:user:12136711908","2026-07-24T13:20:19Z"
"spotify:track:3TpG99fvD9eFW48fcKm9Qk","El olvido","spotify:artist:5M9Bb4adKAgrOFOhc05Y50","Pablo Alborán","spotify:album:1cWvezm4YsxlvvOSRUXLmS","Terral","spotify:artist:5M9Bb4adKAgrOFOhc05Y50","Pablo Alborán","2014-11-10","https://i.scdn.co/image/ab67616d0000b2737e182125bce4ec18687faed1","1","14","289533","https://p.scdn.co/mp3-preview/109084c157891f22c63719978e8c6963bc400e0f?cid=9950ac751e34487dbbe027c4fd7f8e99","false","36","ES5151401649","spotify:user:12136711908","2026-07-24T13:20:19Z"
"spotify:track:18mmN3VrFWRi6SsSBJf6WJ","Pasos de cero","spotify:artist:5M9Bb4adKAgrOFOhc05Y50","Pablo Alborán","spotify:album:1cWvezm4YsxlvvOSRUXLmS","Terral","spotify:artist:5M9Bb4adKAgrOFOhc05Y50","Pablo Alborán","2014-11-10","https://i.scdn.co/image/ab67616d0000b2737e182125bce4ec18687faed1","1","4","234373","https://p.scdn.co/mp3-preview/ac7545c27962a49f4a490901a7cc1e9247cd005d?cid=9950ac751e34487dbbe027c4fd7f8e99","false","71","ES5151401638","spotify:user:12136711908","2026-07-24T13:20:19Z"
"spotify:track:1pxNDYRTfcY7m7pJCuKKac","Éxtasis - Radio Edit","spotify:artist:5M9Bb4adKAgrOFOhc05Y50","Pablo Alborán","spotify:album:7kA3hvV7UjgnA5uiUBxwlN","Tanto (Edición Premium)","spotify:artist:5M9Bb4adKAgrOFOhc05Y50","Pablo Alborán","2012","https://i.scdn.co/image/ab67616d0000b2732394ef9128f6ca9ae94622aa","1","15","200639","https://p.scdn.co/mp3-preview/0df17f1d2e94c063da27f02d30d0c16e84f7680d?cid=9950ac751e34487dbbe027c4fd7f8e99","false","36","ES5081300593","spotify:user:12136711908","2026-07-24T13:20:19Z"
"spotify:track:7yOwM66jr23Ry7j03dAxgL","Al paraíso","spotify:artist:5M9Bb4adKAgrOFOhc05Y50","Pablo Alborán","spotify:album:1jLNPWcykNvUNoWBWBPjep","Prometo (Edición especial)","spotify:artist:5M9Bb4adKAgrOFOhc05Y50","Pablo Alborán","2018-11-30","https://i.scdn.co/image/ab67616d0000b2731e97a26c900829bbe02daf8f","1","12","192493","https://p.scdn.co/mp3-preview/aa4a342a7ea43bebf3d05b3676482ae1413e2a1c?cid=9950ac751e34487dbbe027c4fd7f8e99","false","22","ES5151701361","spotify:user:12136711908","2026-07-24T13:20:19Z"
"spotify:track:71Ax8tF7FGEAmqz9FxC6Gz","Cuerda al corazón","spotify:artist:5M9Bb4adKAgrOFOhc05Y50","Pablo Alborán","spotify:album:1jLNPWcykNvUNoWBWBPjep","Prometo (Edición especial)","spotify:artist:5M9Bb4adKAgrOFOhc05Y50","Pablo Alborán","2018-11-30","https://i.scdn.co/image/ab67616d0000b2731e97a26c900829bbe02daf8f","1","4","218560","https://p.scdn.co/mp3-preview/0531353a1ade4aa66c0c511dae893b9eb5b3b6ba?cid=9950ac751e34487dbbe027c4fd7f8e99","false","25","ES5151701362","spotify:user:12136711908","2026-07-24T13:20:19Z"
"spotify:track:6g991owvnc9b7tQGA6XW91","Corazón descalzo","spotify:artist:5M9Bb4adKAgrOFOhc05Y50","Pablo Alborán","spotify:album:3rMqrzAwB0tLlsA9Zrd46L","Vértigo","spotify:artist:5M9Bb4adKAgrOFOhc05Y50","Pablo Alborán","2020-12-11","https://i.scdn.co/image/ab67616d0000b27350f33f18675822ee6fbf78ce","1","3","254927","https://p.scdn.co/mp3-preview/ebc81f812a757d63456831266cf22181e8986ba5?cid=9950ac751e34487dbbe027c4fd7f8e99","false","41","ES5152000934","spotify:user:12136711908","2026-07-24T13:20:19Z"
"spotify:track:2pduTYf1oQ5vCIH5mvt5oT","El vendaval","spotify:artist:5M9Bb4adKAgrOFOhc05Y50","Pablo Alborán","spotify:album:3rMqrzAwB0tLlsA9Zrd46L","Vértigo","spotify:artist:5M9Bb4adKAgrOFOhc05Y50","Pablo Alborán","2020-12-11","https://i.scdn.co/image/ab67616d0000b27350f33f18675822ee6fbf78ce","1","13","199741","https://p.scdn.co/mp3-preview/fe11cc026fe6225fae09b5e6e40dc66c8ed3e882?cid=9950ac751e34487dbbe027c4fd7f8e99","false","37","ES5152000941","spotify:user:12136711908","2026-07-24T13:20:19Z"
"spotify:track:0au18YmHUW7i20jOBaLwnF","Quítate las Gafas","spotify:artist:1EXjXQpDx2pROygh8zvHs4","Melendi","spotify:album:72w6yDcGkl4i5eW5TxJJla","Quítate las Gafas","spotify:artist:1EXjXQpDx2pROygh8zvHs4","Melendi","2016-11-11","https://i.scdn.co/image/ab67616d0000b2739a64441c5acea667cd973d0e","1","10","235720","https://p.scdn.co/mp3-preview/a10feb52dafbca0b0e39ca0ca5bb35bce5910942?cid=9950ac751e34487dbbe027c4fd7f8e99","false","34","ES5021600535","spotify:user:12136711908","2026-07-24T13:20:19Z"
"spotify:track:6aSCVQqF5HyUuZXfSXhUVV","Gracias","spotify:artist:5M9Bb4adKAgrOFOhc05Y50","Pablo Alborán","spotify:album:56mEJyYVvG6QM3VsLfMZ6X","Terral (Version Française)","spotify:artist:5M9Bb4adKAgrOFOhc05Y50","Pablo Alborán","2014","https://i.scdn.co/image/ab67616d0000b27313ea55103bb98c6f5b0869a2","1","10","264493","https://p.scdn.co/mp3-preview/4bbbe97b64936b1c2cbe969d4dd48d1a92f77e8c?cid=9950ac751e34487dbbe027c4fd7f8e99","false","10","ES5151401645","spotify:user:12136711908","2026-07-24T13:20:19Z"
"spotify:track:59bqZ237MW9CvFRLqu6Dgg","Te he echado de menos - Radio Edit","spotify:artist:5M9Bb4adKAgrOFOhc05Y50","Pablo Alborán","spotify:album:1PfEXmG8ioEwsj7qDaCQXc","Pablo Alboran (Deluxe)","spotify:artist:5M9Bb4adKAgrOFOhc05Y50","Pablo Alborán","2011-02-01","https://i.scdn.co/image/ab67616d0000b27399d877d3cdd8d5c88f2c7ea1","1","12","232573","https://p.scdn.co/mp3-preview/7dc81695a8e0c67da9b63cfb63b81ecbbeb04ff2?cid=9950ac751e34487dbbe027c4fd7f8e99","false","65","ES7661200001","spotify:user:12136711908","2026-07-24T13:20:19Z"
"spotify:track:2oAumpCOVTxRtzL3r7LIxJ","Volver a empezar","spotify:artist:5M9Bb4adKAgrOFOhc05Y50","Pablo Alborán","spotify:album:1PfEXmG8ioEwsj7qDaCQXc","Pablo Alboran (Deluxe)","spotify:artist:5M9Bb4adKAgrOFOhc05Y50","Pablo Alborán","2011-02-01","https://i.scdn.co/image/ab67616d0000b27399d877d3cdd8d5c88f2c7ea1","1","5","208906","https://p.scdn.co/mp3-preview/d73f6e3b5b684c272558abef3e9d8f1fbf7754d7?cid=9950ac751e34487dbbe027c4fd7f8e99","false","47","ES7661000006","spotify:user:12136711908","2026-07-24T13:20:19Z"
"spotify:track:2FhLn92NDtRW6hKJvj9yX5","Cheque al portamor","spotify:artist:1EXjXQpDx2pROygh8zvHs4","Melendi","spotify:album:1J83k6qJHhtXaexpnJzoqr","Lágrimas desordenadas","spotify:artist:1EXjXQpDx2pROygh8zvHs4","Melendi","2012-11-13","https://i.scdn.co/image/ab67616d0000b273420c7ba982f6f92351fc0a2b","1","3","295718","https://p.scdn.co/mp3-preview/78a1f5600bce3664de961243a0d9d83d476fb11b?cid=9950ac751e34487dbbe027c4fd7f8e99","false","67","ES5151201510","spotify:user:12136711908","2026-07-24T13:20:19Z"
"spotify:track:01OY3KiA5fPHmIUBcq7Tgr","Vuelve conmigo","spotify:artist:5M9Bb4adKAgrOFOhc05Y50","Pablo Alborán","spotify:album:1PfEXmG8ioEwsj7qDaCQXc","Pablo Alboran (Deluxe)","spotify:artist:5M9Bb4adKAgrOFOhc05Y50","Pablo Alborán","2011-02-01","https://i.scdn.co/image/ab67616d0000b27399d877d3cdd8d5c88f2c7ea1","1","3","239893","https://p.scdn.co/mp3-preview/d7a3ef9cdf35d060f0965abfe1f22fdbc6e6d9b1?cid=9950ac751e34487dbbe027c4fd7f8e99","false","41","ES7661000003","spotify:user:12136711908","2026-07-24T13:20:19Z"
"spotify:track:6LaBM9RrLflZiojcDY9b2M","Volvería","spotify:artist:5M9Bb4adKAgrOFOhc05Y50","Pablo Alborán","spotify:album:1cWvezm4YsxlvvOSRUXLmS","Terral","spotify:artist:5M9Bb4adKAgrOFOhc05Y50","Pablo Alborán","2014-11-10","https://i.scdn.co/image/ab67616d0000b2737e182125bce4ec18687faed1","1","8","261973","https://p.scdn.co/mp3-preview/3123c295938e7c7fbd55d10e1004be9c302e8ffc?cid=9950ac751e34487dbbe027c4fd7f8e99","false","55","ES5151401642","spotify:user:12136711908","2026-07-24T13:20:19Z"
"spotify:track:1u7NKRxUJjPiTaKfHZQ0rE","El beso","spotify:artist:5M9Bb4adKAgrOFOhc05Y50","Pablo Alborán","spotify:album:7kA3hvV7UjgnA5uiUBxwlN","Tanto (Edición Premium)","spotify:artist:5M9Bb4adKAgrOFOhc05Y50","Pablo Alborán","2012","https://i.scdn.co/image/ab67616d0000b2732394ef9128f6ca9ae94622aa","1","1","258839","https://p.scdn.co/mp3-preview/c1087ac53ffb5dcd8aa83de6eddd070dea77eecd?cid=9950ac751e34487dbbe027c4fd7f8e99","false","49","ES7661200006","spotify:user:12136711908","2026-07-24T13:20:19Z"
"spotify:track:1rphFltRNGXzdOLst7MvrJ","Por amarte tanto","spotify:artist:1EXjXQpDx2pROygh8zvHs4","Melendi","spotify:album:1PkZwt6uyYDzoI3N87QgDn","Mientras No Cueste Trabajo","spotify:artist:1EXjXQpDx2pROygh8zvHs4","Melendi","2006-11-13","https://i.scdn.co/image/ab67616d0000b273449b8d022d4fc6cdf252c24a","1","2","196813","https://p.scdn.co/mp3-preview/06383f8a5113770eee3a0814a5578d39be618f84?cid=9950ac751e34487dbbe027c4fd7f8e99","false","46","ES5080600742","spotify:user:12136711908","2026-07-24T13:20:19Z"
"spotify:track:6pZmdSXGVzlYG2FJvSOZod","No Me Compares","spotify:artist:5sUrlPAHlS9NEirDB8SEbF","Alejandro Sanz","spotify:album:5O5LrflUeCNwNAsCQ5o0jk","La Música No Se Toca (Deluxe)","spotify:artist:5sUrlPAHlS9NEirDB8SEbF","Alejandro Sanz","2012-01-01","https://i.scdn.co/image/ab67616d0000b27397d69419b14a137460476d41","1","3","278440","","false","66","ES5701200684","spotify:user:12136711908","2026-07-24T13:20:19Z"
"spotify:track:5PczsbMK39oiVxkh8akIdC","Cuando nadie me ve","spotify:artist:5sUrlPAHlS9NEirDB8SEbF","Alejandro Sanz","spotify:album:2avjXzB9ndvLElhdXzKOBX","Coleccion definitiva (Deluxe)","spotify:artist:5sUrlPAHlS9NEirDB8SEbF","Alejandro Sanz","2011-11-11","https://i.scdn.co/image/ab67616d0000b273f879e00e06da58237c0ce13a","1","21","308560","https://p.scdn.co/mp3-preview/1865c368977eb21f3bc380151a5d99b659f320de?cid=9950ac751e34487dbbe027c4fd7f8e99","false","55","ES5150006001","spotify:user:12136711908","2026-07-24T13:20:19Z"
"spotify:track:6Tm3Py5oPAUL8ehxYAPrCw","La fuerza del corazón","spotify:artist:5sUrlPAHlS9NEirDB8SEbF","Alejandro Sanz","spotify:album:15ekeDURPa31t2v89AI8ef","Coleccion definitiva","spotify:artist:5sUrlPAHlS9NEirDB8SEbF","Alejandro Sanz","2011-11-11","https://i.scdn.co/image/ab67616d0000b2734ed0c94e579b08ef2aad81c1","1","11","307053","https://p.scdn.co/mp3-preview/995fdac79bdd24fa1fafb32eaefc7435371c500b?cid=9950ac751e34487dbbe027c4fd7f8e99","false","41","ES5159506011","spotify:user:12136711908","2026-07-24T13:20:19Z"
"spotify:track:546LofSAbpv4qN1dqyfcdy","Con Tu Amor Es Suficiente","spotify:artist:1EXjXQpDx2pROygh8zvHs4","Melendi","spotify:album:1nRo70xzejpUW36UNp0ZF8","Que El Cielo Espere Sentao..","spotify:artist:1EXjXQpDx2pROygh8zvHs4","Melendi","2005","https://i.scdn.co/image/ab67616d0000b273fdf0ca257453adac7d1167b2","1","10","189146","https://p.scdn.co/mp3-preview/bade586cc78b20c03f65e239d89953eb0043529c?cid=9950ac751e34487dbbe027c4fd7f8e99","false","41","ES5080600431","spotify:user:12136711908","2026-07-24T13:20:19Z"
"spotify:track:2Wp3oraVgGDVcuWlOtxw0r","Lo Nuestro Fue Muy Top","spotify:artist:1EXjXQpDx2pROygh8zvHs4","Melendi","spotify:album:2cx8aUPxZ0GvVJkJdNXeOM","Ahora","spotify:artist:1EXjXQpDx2pROygh8zvHs4","Melendi","2018-03-09","https://i.scdn.co/image/ab67616d0000b27303e608a0e5d9ade27dfa8d0c","1","10","228693","https://p.scdn.co/mp3-preview/f002ff1d3a8012afc32286c652999cfbe89ff701?cid=9950ac751e34487dbbe027c4fd7f8e99","false","45","ES5021800009","spotify:user:12136711908","2026-07-24T13:20:19Z"
"spotify:track:4ooPTSdR2K5XUwpSXZ6X6j","La llave","spotify:artist:5M9Bb4adKAgrOFOhc05Y50","Pablo Alborán","spotify:album:0ZhUN4bfYZpeEOpEOf9521","La llave","spotify:artist:5M9Bb4adKAgrOFOhc05Y50","Pablo Alborán","2017-10-19","https://i.scdn.co/image/ab67616d0000b273790cda5e86102502af42c3b9","1","1","196853","https://p.scdn.co/mp3-preview/f98d61e75517d30943777205347261a4ad18fc60?cid=9950ac751e34487dbbe027c4fd7f8e99","false","21","ES5151701365","spotify:user:12136711908","2026-07-24T13:20:19Z"
"spotify:track:2fDLUNgp3ufVYXsmWTCAKp","Despídete","spotify:artist:5M9Bb4adKAgrOFOhc05Y50","Pablo Alborán","spotify:album:1cWvezm4YsxlvvOSRUXLmS","Terral","spotify:artist:5M9Bb4adKAgrOFOhc05Y50","Pablo Alborán","2014-11-10","https://i.scdn.co/image/ab67616d0000b2737e182125bce4ec18687faed1","1","13","228160","https://p.scdn.co/mp3-preview/ea5e31ed8c90690e5dd83765ee00f1a08c92266a?cid=9950ac751e34487dbbe027c4fd7f8e99","false","36","ES5151401648","spotify:user:12136711908","2026-07-24T13:20:19Z"
"spotify:track:7paL2AqkFyDyzEUtwjJ9MK","Me iré","spotify:artist:5M9Bb4adKAgrOFOhc05Y50","Pablo Alborán","spotify:album:7kA3hvV7UjgnA5uiUBxwlN","Tanto (Edición Premium)","spotify:artist:5M9Bb4adKAgrOFOhc05Y50","Pablo Alborán","2012","https://i.scdn.co/image/ab67616d0000b2732394ef9128f6ca9ae94622aa","1","11","248133","https://p.scdn.co/mp3-preview/35129294b2fbbe78514c9dab4828e53eab511147?cid=9950ac751e34487dbbe027c4fd7f8e99","false","36","ES7661200009","spotify:user:12136711908","2026-07-24T13:20:19Z"
"spotify:track:63pzY63JMZkXvNznhmeBI1","Ecos - En directo","spotify:artist:5M9Bb4adKAgrOFOhc05Y50","Pablo Alborán","spotify:album:3b2X7VxxfTCFRJQkShaJhc","Tour Terral (Tres noches en Las Ventas)","spotify:artist:5M9Bb4adKAgrOFOhc05Y50","Pablo Alborán","2015-11-06","https://i.scdn.co/image/ab67616d0000b273130ec76c82cf0d7df43eeee4","1","4","275720","https://p.scdn.co/mp3-preview/fc86811ca7d6339b82baabebd9f9723d88c5b33f?cid=9950ac751e34487dbbe027c4fd7f8e99","false","43","ES5151502952","spotify:user:12136711908","2026-07-24T13:20:19Z"
"spotify:track:0EeZEQ51vHrG569kZocOKe","Soy capaz - Versión Acústica","spotify:artist:5M9Bb4adKAgrOFOhc05Y50","Pablo Alborán","spotify:album:0iRDEkUzhawgH0wKfIW5iT","Soy capaz","spotify:artist:5M9Bb4adKAgrOFOhc05Y50","Pablo Alborán","2021-11-12","https://i.scdn.co/image/ab67616d0000b2732ae2692f44132ca1d7d9cc20","1","2","225041","https://p.scdn.co/mp3-preview/f87953af862303f921700d62249f9cfdd652e3d5?cid=9950ac751e34487dbbe027c4fd7f8e99","false","23","ES5152101138","spotify:user:12136711908","2026-07-24T13:20:19Z"
"spotify:track:1tJrLUcqjzQVZLFCV8lym0","Mares De Miel","spotify:artist:5sUrlPAHlS9NEirDB8SEbF","Alejandro Sanz","spotify:album:3FpD9Rogk6RmMLvKMxT6ba","Mares De Miel","spotify:artist:5sUrlPAHlS9NEirDB8SEbF","Alejandro Sanz","2021-10-14","https://i.scdn.co/image/ab67616d0000b273f57a1429158f9b80850e93d7","1","1","281764","","false","36","ES5702101736","spotify:user:12136711908","2026-07-24T13:20:19Z"
"spotify:track:0wA3AZzA0gp0wfSS0SpZt5","La Boca Junta","spotify:artist:1EXjXQpDx2pROygh8zvHs4, spotify:artist:2wkoKEfS6dXwThbyTnZWFU","Melendi, Mau y Ricky","spotify:album:5KiFt9khw9XuwkFCQ6ZTtB","La Boca Junta","spotify:artist:1EXjXQpDx2pROygh8zvHs4, spotify:artist:2wkoKEfS6dXwThbyTnZWFU","Melendi, Mau y Ricky","2021-07-29","https://i.scdn.co/image/ab67616d0000b273a357b5cf141550f47f6af644","1","1","227312","https://p.scdn.co/mp3-preview/0930f263938bd1103223e825905171d98108209b?cid=9950ac751e34487dbbe027c4fd7f8e99","false","49","ES5022101072","spotify:user:12136711908","2026-07-24T13:20:19Z"
"spotify:track:74YS8i2OcE6nnVj0uqigSp","El Único Habitante de tu Piel","spotify:artist:1EXjXQpDx2pROygh8zvHs4, spotify:artist:39yVoqm6sYFvvqF1RciUVf","Melendi, Carlos Rivera","spotify:album:450aVb02CfLVugPpSjUlWO","Likes y Cicatrices","spotify:artist:1EXjXQpDx2pROygh8zvHs4","Melendi","2021-11-05","https://i.scdn.co/image/ab67616d0000b2735f9894c4e4c5ee8f8f968512","1","2","245120","https://p.scdn.co/mp3-preview/49d4194a00e840833e33869ba7e8fd518d996e2a?cid=9950ac751e34487dbbe027c4fd7f8e99","false","59","ES5022101610","spotify:user:12136711908","2026-07-24T13:20:19Z"
"spotify:track:3PcOMLTN66ZitMREv3Gae5","Un buen amor","spotify:artist:5M9Bb4adKAgrOFOhc05Y50","Pablo Alborán","spotify:album:1cWvezm4YsxlvvOSRUXLmS","Terral","spotify:artist:5M9Bb4adKAgrOFOhc05Y50","Pablo Alborán","2014-11-10","https://i.scdn.co/image/ab67616d0000b2737e182125bce4ec18687faed1","1","9","257253","https://p.scdn.co/mp3-preview/2f539d9bf8d7e3f536397ec05ec20ebf1e600a5f?cid=9950ac751e34487dbbe027c4fd7f8e99","false","36","ES5151401643","spotify:user:12136711908","2026-07-24T13:20:19Z"
"spotify:track:6F7KM0Uempe2xYgIjGK8zr","Se le apagó la luz","spotify:artist:5sUrlPAHlS9NEirDB8SEbF","Alejandro Sanz","spotify:album:1GP8zhAu7gbAQTzfl6xOKo","MTV Unplugged","spotify:artist:5sUrlPAHlS9NEirDB8SEbF","Alejandro Sanz","2001-11-19","https://i.scdn.co/image/ab67616d0000b2730eb3e415c8a372c1441e1d32","1","4","316426","https://p.scdn.co/mp3-preview/1c539f39dd64152455de2a397e3ce1742014f31f?cid=9950ac751e34487dbbe027c4fd7f8e99","false","50","ES5150106009","spotify:user:12136711908","2026-07-24T13:20:19Z"
"spotify:track:0n0evL7FWRHDFS0HOxHMz1","Lo que fui es lo que soy","spotify:artist:5sUrlPAHlS9NEirDB8SEbF","Alejandro Sanz","spotify:album:2yfm8Icbo9F9BDrsGamjBd","Viviendo deprisa","spotify:artist:5sUrlPAHlS9NEirDB8SEbF","Alejandro Sanz","1991-08-20","https://i.scdn.co/image/ab67616d0000b273de2389c54949f4805244564c","1","3","281240","https://p.scdn.co/mp3-preview/47abb9d0ddb94df6c203bdb1b5cdbe42bcb71742?cid=9950ac751e34487dbbe027c4fd7f8e99","false","53","ES5159106016","spotify:user:12136711908","2026-07-24T13:20:19Z"
"spotify:track:0vT2F5ghu6hFCiIFYKNAS9","La Mudanza (feat. Pablo Alborán)","spotify:artist:6UelqIK8qwhWFc2f6nSEh8, spotify:artist:5M9Bb4adKAgrOFOhc05Y50","Niña Pastori, Pablo Alborán","spotify:album:6yhlbykyPWWKvdVHOkNnVb","Bajo Tus Alas","spotify:artist:6UelqIK8qwhWFc2f6nSEh8","Niña Pastori","2018-04-27","https://i.scdn.co/image/ab67616d0000b27369744d7dcef5735c984ee13f","1","3","244614","https://p.scdn.co/mp3-preview/50ea170caff371204e62b34e5f9bfc60b3a79cae?cid=9950ac751e34487dbbe027c4fd7f8e99","false","41","ES5021800151","spotify:user:12136711908","2026-07-24T13:20:19Z"
"spotify:track:7sRXhReWmJF5pqyg3uUTES","Solamente tú","spotify:artist:5M9Bb4adKAgrOFOhc05Y50","Pablo Alborán","spotify:album:1PfEXmG8ioEwsj7qDaCQXc","Pablo Alboran (Deluxe)","spotify:artist:5M9Bb4adKAgrOFOhc05Y50","Pablo Alborán","2011-02-01","https://i.scdn.co/image/ab67616d0000b27399d877d3cdd8d5c88f2c7ea1","1","11","247186","https://p.scdn.co/mp3-preview/e7008aadfe90f39e481ed4742cd2d7cd1477e035?cid=9950ac751e34487dbbe027c4fd7f8e99","false","76","ES7661000001","spotify:user:12136711908","2026-07-24T13:20:19Z"
"spotify:track:3jaG9XW2uHrKoDL4K5KZEU","Se puede amar","spotify:artist:5M9Bb4adKAgrOFOhc05Y50","Pablo Alborán","spotify:album:2nzIH4xua0TtCnzdf5U9el","Se puede amar","spotify:artist:5M9Bb4adKAgrOFOhc05Y50","Pablo Alborán","2016-04-22","https://i.scdn.co/image/ab67616d0000b273d93817eef330232b5ba40427","1","1","217760","https://p.scdn.co/mp3-preview/3c1a8e93276f2493dc16f70b2f5d6814ed5351fc?cid=9950ac751e34487dbbe027c4fd7f8e99","false","55","ES5151600812","spotify:user:12136711908","2026-07-24T13:20:19Z"
"spotify:track:0uWTHSMOX8tbhd8PCXoufB","Tabú - Versión piano y voz","spotify:artist:5M9Bb4adKAgrOFOhc05Y50","Pablo Alborán","spotify:album:48UEbtZjlgzvOukZcHwKrl","Tabú EP","spotify:artist:5M9Bb4adKAgrOFOhc05Y50","Pablo Alborán","2020-01-24","https://i.scdn.co/image/ab67616d0000b273a6ade22f3625632aa645c562","1","3","198818","https://p.scdn.co/mp3-preview/1466b90c0687a4dc9ec1f7a9ee91024ac7d0a0c5?cid=9950ac751e34487dbbe027c4fd7f8e99","false","24","ES5152000019","spotify:user:12136711908","2026-07-24T13:20:19Z"
"spotify:track:2KK9N6iBAisA0booTu3bGd","Déjala Que Baile (with Alejandro Sanz & Arkano)","spotify:artist:1EXjXQpDx2pROygh8zvHs4, spotify:artist:5sUrlPAHlS9NEirDB8SEbF, spotify:artist:5ACyfaynUH9FpBaR8uZprQ","Melendi, Alejandro Sanz, Arkano","spotify:album:2cx8aUPxZ0GvVJkJdNXeOM","Ahora","spotify:artist:1EXjXQpDx2pROygh8zvHs4","Melendi","2018-03-09","https://i.scdn.co/image/ab67616d0000b27303e608a0e5d9ade27dfa8d0c","1","6","219373","https://p.scdn.co/mp3-preview/c312ae857c94db36cf389e3cf5a1b4c48381c66a?cid=9950ac751e34487dbbe027c4fd7f8e99","false","63","ES5021800006","spotify:user:12136711908","2026-07-24T13:20:19Z"
"spotify:track:1C8qzkZqEQYtowo9wQXYEw","Y Ya Te Quería","spotify:artist:5sUrlPAHlS9NEirDB8SEbF","Alejandro Sanz","spotify:album:0FZBhjDJOY7l3eQ1uswUR4","Sanz","spotify:artist:5sUrlPAHlS9NEirDB8SEbF","Alejandro Sanz","2021-12-09","https://i.scdn.co/image/ab67616d0000b2737afcf207e16f4b6539d4a992","1","10","245844","","false","41","ES5702101728","spotify:user:12136711908","2026-07-24T13:20:19Z"
"spotify:track:6cT1Y3M784gLrzxuKdf2WJ","Yo No Quiero Suerte","spotify:artist:5sUrlPAHlS9NEirDB8SEbF","Alejandro Sanz","spotify:album:0FZBhjDJOY7l3eQ1uswUR4","Sanz","spotify:artist:5sUrlPAHlS9NEirDB8SEbF","Alejandro Sanz","2021-12-09","https://i.scdn.co/image/ab67616d0000b2737afcf207e16f4b6539d4a992","1","3","264098","","false","42","ES5702101730","spotify:user:12136711908","2026-07-24T13:20:19Z"
"spotify:track:7njQTsT1xvKVDE0jPJAvrU","Castillos de arena","spotify:artist:5M9Bb4adKAgrOFOhc05Y50","Pablo Alborán","spotify:album:0iNZh2qDkWIwcIikCMAeMq","Castillos de arena","spotify:artist:5M9Bb4adKAgrOFOhc05Y50","Pablo Alborán","2022-01-14","https://i.scdn.co/image/ab67616d0000b2730bad7ce0aa0509e679fae614","1","1","252221","https://p.scdn.co/mp3-preview/d1e6c5aec8ae56ea1856f2272f0a37fa94cf8c92?cid=9950ac751e34487dbbe027c4fd7f8e99","false","42","ES5152100963","spotify:user:12136711908","2026-07-24T13:20:19Z"
"spotify:track:6VEIC1fgAJSKuCuPvvyPXl","La Música No Se Toca","spotify:artist:5sUrlPAHlS9NEirDB8SEbF","Alejandro Sanz","spotify:album:5O5LrflUeCNwNAsCQ5o0jk","La Música No Se Toca (Deluxe)","spotify:artist:5sUrlPAHlS9NEirDB8SEbF","Alejandro Sanz","2012-01-01","https://i.scdn.co/image/ab67616d0000b27397d69419b14a137460476d41","1","1","288640","","false","46","ES5701201044","spotify:user:12136711908","2026-07-24T13:20:19Z"
"spotify:track:6eq7Ona0USHJVwIIzjxzta","Kisiera yo saber","spotify:artist:1EXjXQpDx2pROygh8zvHs4","Melendi","spotify:album:1PkZwt6uyYDzoI3N87QgDn","Mientras No Cueste Trabajo","spotify:artist:1EXjXQpDx2pROygh8zvHs4","Melendi","2006-11-13","https://i.scdn.co/image/ab67616d0000b273449b8d022d4fc6cdf252c24a","1","1","212693","https://p.scdn.co/mp3-preview/e2a07a5b603ba8eb7357aae1cea2045a912e68d9?cid=9950ac751e34487dbbe027c4fd7f8e99","false","65","ES5080600741","spotify:user:12136711908","2026-07-24T13:20:19Z"
"spotify:track:6XKvP9q9B4RGIVmvZ22MwT","Calle la Pantomima","spotify:artist:1EXjXQpDx2pROygh8zvHs4","Melendi","spotify:album:1PkZwt6uyYDzoI3N87QgDn","Mientras No Cueste Trabajo","spotify:artist:1EXjXQpDx2pROygh8zvHs4","Melendi","2006-11-13","https://i.scdn.co/image/ab67616d0000b273449b8d022d4fc6cdf252c24a","1","3","188293","https://p.scdn.co/mp3-preview/b10b3ee013753595f323fee0908ca0913eb2f60f?cid=9950ac751e34487dbbe027c4fd7f8e99","false","54","ES5080600743","spotify:user:12136711908","2026-07-24T13:20:19Z"
"spotify:track:2b7w3IfuuP0y64tPlr4cb2","Camino De Rosas","spotify:artist:5sUrlPAHlS9NEirDB8SEbF","Alejandro Sanz","spotify:album:5O5LrflUeCNwNAsCQ5o0jk","La Música No Se Toca (Deluxe)","spotify:artist:5sUrlPAHlS9NEirDB8SEbF","Alejandro Sanz","2012-01-01","https://i.scdn.co/image/ab67616d0000b27397d69419b14a137460476d41","1","6","260573","","false","61","ES5701201048","spotify:user:12136711908","2026-07-24T13:20:19Z"
"spotify:track:3GFLbBgMuY2RELNo6tMqOS","Mi soledad y yo","spotify:artist:5sUrlPAHlS9NEirDB8SEbF","Alejandro Sanz","spotify:album:6iQUPW8yGLQdbf3JXmNA8N","Alejandro Sanz 3","spotify:artist:5sUrlPAHlS9NEirDB8SEbF","Alejandro Sanz","1995-09-26","https://i.scdn.co/image/ab67616d0000b2730646e298a49b0abef5decd0b","1","3","299840","https://p.scdn.co/mp3-preview/2c787b522fb2794f441d48e20a6ea7cd4aada13a?cid=9950ac751e34487dbbe027c4fd7f8e99","false","77","ES5159506013","spotify:user:12136711908","2026-07-24T13:20:19Z"
"spotify:track:2sC8ZDPXm0jZTPG84hQ80S","Quisiera ser","spotify:artist:5sUrlPAHlS9NEirDB8SEbF","Alejandro Sanz","spotify:album:2avjXzB9ndvLElhdXzKOBX","Coleccion definitiva (Deluxe)","spotify:artist:5sUrlPAHlS9NEirDB8SEbF","Alejandro Sanz","2011-11-11","https://i.scdn.co/image/ab67616d0000b273f879e00e06da58237c0ce13a","1","16","328533","https://p.scdn.co/mp3-preview/f84a7f3ba4c3cdc4ec04800ecb0f070a2c7650bf?cid=9950ac751e34487dbbe027c4fd7f8e99","false","50","ES5150006003","spotify:user:12136711908","2026-07-24T13:20:19Z"
"spotify:track:0VqXrOSgbq1ukARLV4uGU0","Pisando fuerte","spotify:artist:5sUrlPAHlS9NEirDB8SEbF","Alejandro Sanz","spotify:album:2yfm8Icbo9F9BDrsGamjBd","Viviendo deprisa","spotify:artist:5sUrlPAHlS9NEirDB8SEbF","Alejandro Sanz","1991-08-20","https://i.scdn.co/image/ab67616d0000b273de2389c54949f4805244564c","1","2","269813","https://p.scdn.co/mp3-preview/c65fe3efd37181a69773bd3cebe0163ac06c19ae?cid=9950ac751e34487dbbe027c4fd7f8e99","false","70","ES5159106001","spotify:user:12136711908","2026-07-24T13:20:19Z"
"spotify:track:4JoC9tR0igdr4HuUXo4uT3","Tú de Elvis yo de Marilyn","spotify:artist:1EXjXQpDx2pROygh8zvHs4","Melendi","spotify:album:0Ggp1Xlj8V9dBz1nrQATgo","Un alumno más","spotify:artist:1EXjXQpDx2pROygh8zvHs4","Melendi","2014-11-25","https://i.scdn.co/image/ab67616d0000b273bebbbfeb614d51835b817beb","1","9","224040","https://p.scdn.co/mp3-preview/63e4337ad6de217737a459c3739f47f8b75b65a9?cid=9950ac751e34487dbbe027c4fd7f8e99","false","0","ES5151401233","spotify:user:12136711908","2026-07-24T13:20:19Z"
"spotify:track:5iua35KoPKyet49uHr7aaU","Aquello que me diste","spotify:artist:5sUrlPAHlS9NEirDB8SEbF","Alejandro Sanz","spotify:album:3MfNbOJuFb5H4CjrT49oiI","Más","spotify:artist:5sUrlPAHlS9NEirDB8SEbF","Alejandro Sanz","1997","https://i.scdn.co/image/ab67616d0000b273f4b093df6b9dccc604ab9155","1","10","285520","https://p.scdn.co/mp3-preview/40eac82c858197d4f550229ba39ef5028e9824cf?cid=9950ac751e34487dbbe027c4fd7f8e99","false","71","ES5159706052","spotify:user:12136711908","2026-07-24T13:20:19Z"
"spotify:track:6yV2W1h4PZla1PE5s1zjVM","No es lo mismo","spotify:artist:5sUrlPAHlS9NEirDB8SEbF","Alejandro Sanz","spotify:album:2avjXzB9ndvLElhdXzKOBX","Coleccion definitiva (Deluxe)","spotify:artist:5sUrlPAHlS9NEirDB8SEbF","Alejandro Sanz","2011-11-11","https://i.scdn.co/image/ab67616d0000b273f879e00e06da58237c0ce13a","1","19","359173","https://p.scdn.co/mp3-preview/a591d7cf16d33e357ea0acb84a34a824cb665595?cid=9950ac751e34487dbbe027c4fd7f8e99","false","54","ES5150306001","spotify:user:12136711908","2026-07-24T13:20:19Z"
"spotify:track:66VmioeXL4i1TCfHIO8R9t","Desde Que Estamos Juntos","spotify:artist:1EXjXQpDx2pROygh8zvHs4","Melendi","spotify:album:72w6yDcGkl4i5eW5TxJJla","Quítate las Gafas","spotify:artist:1EXjXQpDx2pROygh8zvHs4","Melendi","2016-11-11","https://i.scdn.co/image/ab67616d0000b2739a64441c5acea667cd973d0e","1","4","274440","https://p.scdn.co/mp3-preview/16484ff1da7f96817f76675f14c91421386b02ed?cid=9950ac751e34487dbbe027c4fd7f8e99","false","61","ES5021600529","spotify:user:12136711908","2026-07-24T13:20:19Z"
"spotify:track:3V9l1DjMnZeCRjmj4EK4z2","Sin Remitente","spotify:artist:1EXjXQpDx2pROygh8zvHs4","Melendi","spotify:album:309uagfPtaKPwlqZgH16xD","10:20:40","spotify:artist:1EXjXQpDx2pROygh8zvHs4","Melendi","2019-11-29","https://i.scdn.co/image/ab67616d0000b27347dce93683c8390a3a07b8e7","1","3","245573","https://p.scdn.co/mp3-preview/977a816906482d53cb7b982112dd19cd1cdc2367?cid=9950ac751e34487dbbe027c4fd7f8e99","false","58","ES5021901625","spotify:user:12136711908","2026-07-24T13:20:19Z"
"spotify:track:0hZe1cdSm3wc5Gay229mJd","Con sólo una sonrisa","spotify:artist:1EXjXQpDx2pROygh8zvHs4","Melendi","spotify:album:1nRo70xzejpUW36UNp0ZF8","Que El Cielo Espere Sentao..","spotify:artist:1EXjXQpDx2pROygh8zvHs4","Melendi","2005","https://i.scdn.co/image/ab67616d0000b273fdf0ca257453adac7d1167b2","1","6","229960","https://p.scdn.co/mp3-preview/a3d910115c83e31f7fc44a6c34c8502bcb2be650?cid=9950ac751e34487dbbe027c4fd7f8e99","false","65","ES5080600439","spotify:user:12136711908","2026-07-24T13:20:19Z"
"spotify:track:7yjTvUlvx7S1pneUODlGBg","La Casa No Es Igual","spotify:artist:1EXjXQpDx2pROygh8zvHs4","Melendi","spotify:album:72w6yDcGkl4i5eW5TxJJla","Quítate las Gafas","spotify:artist:1EXjXQpDx2pROygh8zvHs4","Melendi","2016-11-11","https://i.scdn.co/image/ab67616d0000b2739a64441c5acea667cd973d0e","1","5","213786","https://p.scdn.co/mp3-preview/5834abfcad41c38653c7676c152c4406e48fee6e?cid=9950ac751e34487dbbe027c4fd7f8e99","false","54","ES5021600530","spotify:user:12136711908","2026-07-24T13:20:19Z"
"spotify:track:3q5Wt5KnHtUpZ4CVnmr6sC","Autofotos","spotify:artist:1EXjXQpDx2pROygh8zvHs4","Melendi","spotify:album:4ZkaJeOjMZh4M8o8wZM6fJ","Yo me veo contigo","spotify:artist:1EXjXQpDx2pROygh8zvHs4","Melendi","2017-12-08","https://i.scdn.co/image/ab67616d0000b2730a13fb9b2b0cd1e20f66fb98","1","25","210600","https://p.scdn.co/mp3-preview/d71e2dff14946ebad7adfe93443087d0d0ca7692?cid=9950ac751e34487dbbe027c4fd7f8e99","false","29","ES5151201513","spotify:user:12136711908","2026-07-24T13:20:19Z"
"spotify:track:3v1dCP3hk2djfWryqfp7sx","Caminando por la vida","spotify:artist:1EXjXQpDx2pROygh8zvHs4","Melendi","spotify:album:1nRo70xzejpUW36UNp0ZF8","Que El Cielo Espere Sentao..","spotify:artist:1EXjXQpDx2pROygh8zvHs4","Melendi","2005","https://i.scdn.co/image/ab67616d0000b273fdf0ca257453adac7d1167b2","1","1","211680","https://p.scdn.co/mp3-preview/5fd55abc3bd0b6d01e16b119e6a22fc8195ed177?cid=9950ac751e34487dbbe027c4fd7f8e99","false","71","ES5080600400","spotify:user:12136711908","2026-07-24T13:20:19Z"
"spotify:track:0axkqaAtzVAmIY3qb1gTLa","Desde cuando","spotify:artist:5sUrlPAHlS9NEirDB8SEbF","Alejandro Sanz","spotify:album:2avjXzB9ndvLElhdXzKOBX","Coleccion definitiva (Deluxe)","spotify:artist:5sUrlPAHlS9NEirDB8SEbF","Alejandro Sanz","2011-11-11","https://i.scdn.co/image/ab67616d0000b273f879e00e06da58237c0ce13a","1","23","235906","https://p.scdn.co/mp3-preview/1c13e7da98dd6032e98ea3cb365b7b3df8cf4bf3?cid=9950ac751e34487dbbe027c4fd7f8e99","false","60","ES5150901154","spotify:user:12136711908","2026-07-24T13:20:19Z"
"spotify:track:5JpfypdAtTwa8xK1Coh29B","Un Zombie A La Intemperie","spotify:artist:5sUrlPAHlS9NEirDB8SEbF","Alejandro Sanz","spotify:album:3yLDXQ4DGUeDmaWxQTdbhc","Sirope","spotify:artist:5sUrlPAHlS9NEirDB8SEbF","Alejandro Sanz","2015-05-04","https://i.scdn.co/image/ab67616d0000b273ee84e0e348d4a5ca63e308ae","1","6","301115","","false","44","ES5701400798","spotify:user:12136711908","2026-07-24T13:20:19Z"
"spotify:track:0r2pTZdxLgmcy0q9YDIeZW","Yo me veo contigo","spotify:artist:1EXjXQpDx2pROygh8zvHs4","Melendi","spotify:album:4ZkaJeOjMZh4M8o8wZM6fJ","Yo me veo contigo","spotify:artist:1EXjXQpDx2pROygh8zvHs4","Melendi","2017-12-08","https://i.scdn.co/image/ab67616d0000b2730a13fb9b2b0cd1e20f66fb98","1","35","295680","https://p.scdn.co/mp3-preview/2ab33ea8c5f316580ef1d984713d58f709579357?cid=9950ac751e34487dbbe027c4fd7f8e99","false","43","ES5151601869","spotify:user:12136711908","2026-07-24T13:20:19Z"
"spotify:track:67bchtUEFENDaWbmYnKg6Z","¿Lo ves?","spotify:artist:5sUrlPAHlS9NEirDB8SEbF","Alejandro Sanz","spotify:album:15ekeDURPa31t2v89AI8ef","Coleccion definitiva","spotify:artist:5sUrlPAHlS9NEirDB8SEbF","Alejandro Sanz","2011-11-11","https://i.scdn.co/image/ab67616d0000b2734ed0c94e579b08ef2aad81c1","1","2","229800","https://p.scdn.co/mp3-preview/4a7795bfcfb98ecffd4cb0e50fe4c526111db910?cid=9950ac751e34487dbbe027c4fd7f8e99","false","52","ES5159506016","spotify:user:12136711908","2026-07-24T13:20:19Z"
"spotify:track:5izcJwGzBzX2JLAL6lQJLj","Se me olvidó todo al verte","spotify:artist:5sUrlPAHlS9NEirDB8SEbF","Alejandro Sanz","spotify:album:6iQUPW8yGLQdbf3JXmNA8N","Alejandro Sanz 3","spotify:artist:5sUrlPAHlS9NEirDB8SEbF","Alejandro Sanz","1995-09-26","https://i.scdn.co/image/ab67616d0000b2730646e298a49b0abef5decd0b","1","10","281666","https://p.scdn.co/mp3-preview/384faed8a39142a04540dd226cdda34269663004?cid=9950ac751e34487dbbe027c4fd7f8e99","false","55","ES5159506020","spotify:user:12136711908","2026-07-24T13:20:19Z"
"spotify:track:1HIJNKaYVZFHfxSA8hOGfd","Me colé por la puerta de atrás","spotify:artist:5M9Bb4adKAgrOFOhc05Y50","Pablo Alborán","spotify:album:1PfEXmG8ioEwsj7qDaCQXc","Pablo Alboran (Deluxe)","spotify:artist:5M9Bb4adKAgrOFOhc05Y50","Pablo Alborán","2011-02-01","https://i.scdn.co/image/ab67616d0000b27399d877d3cdd8d5c88f2c7ea1","1","6","207920","https://p.scdn.co/mp3-preview/728e2166d27bea3140226c520317107766a4c2c2?cid=9950ac751e34487dbbe027c4fd7f8e99","false","35","ES7661000004","spotify:user:12136711908","2026-07-24T13:20:19Z"
"spotify:track:2gkADrKBKJwrYLwJqrHfPi","Palmeras en la nieve","spotify:artist:5M9Bb4adKAgrOFOhc05Y50","Pablo Alborán","spotify:album:3b2X7VxxfTCFRJQkShaJhc","Tour Terral (Tres noches en Las Ventas)","spotify:artist:5M9Bb4adKAgrOFOhc05Y50","Pablo Alborán","2015-11-06","https://i.scdn.co/image/ab67616d0000b273130ec76c82cf0d7df43eeee4","1","44","220105","https://p.scdn.co/mp3-preview/b9591cf0fced803d3838413013dafc246bcb6814?cid=9950ac751e34487dbbe027c4fd7f8e99","false","42","ES5151502988","spotify:user:12136711908","2026-07-24T13:20:19Z"
"spotify:track:7rmTorOwpx3zngZHmYRlu3","No Sé Qué Me Pasas","spotify:artist:5sUrlPAHlS9NEirDB8SEbF","Alejandro Sanz","spotify:album:0FZBhjDJOY7l3eQ1uswUR4","Sanz","spotify:artist:5sUrlPAHlS9NEirDB8SEbF","Alejandro Sanz","2021-12-09","https://i.scdn.co/image/ab67616d0000b2737afcf207e16f4b6539d4a992","1","8","228018","","false","29","ES5702101734","spotify:user:12136711908","2026-07-24T13:20:19Z"
"spotify:track:2pzub7qfMh2vRpkBs7aNcm","Iba","spotify:artist:5sUrlPAHlS9NEirDB8SEbF","Alejandro Sanz","spotify:album:0FZBhjDJOY7l3eQ1uswUR4","Sanz","spotify:artist:5sUrlPAHlS9NEirDB8SEbF","Alejandro Sanz","2021-12-09","https://i.scdn.co/image/ab67616d0000b2737afcf207e16f4b6539d4a992","1","2","219884","","false","32","ES5702101735","spotify:user:12136711908","2026-07-24T13:20:19Z"
"spotify:track:42uFuC0Ob1JykwGlcrllDl","El Arrepentido","spotify:artist:1EXjXQpDx2pROygh8zvHs4, spotify:artist:4vhNDa5ycK0ST968ek7kRr","Melendi, Carlos Vives","spotify:album:2cx8aUPxZ0GvVJkJdNXeOM","Ahora","spotify:artist:1EXjXQpDx2pROygh8zvHs4","Melendi","2018-03-09","https://i.scdn.co/image/ab67616d0000b27303e608a0e5d9ade27dfa8d0c","1","2","218533","https://p.scdn.co/mp3-preview/27dc5cc1fe04d16f7204362f1c02ffec7a5a9ba9?cid=9950ac751e34487dbbe027c4fd7f8e99","false","54","ES5021702707","spotify:user:12136711908","2026-07-24T13:20:19Z"
"spotify:track:6UfiaiKYlWlrfzeX4d31N1","Para Que No Se Escapen Tus Mariposas","spotify:artist:1EXjXQpDx2pROygh8zvHs4","Melendi","spotify:album:2cx8aUPxZ0GvVJkJdNXeOM","Ahora","spotify:artist:1EXjXQpDx2pROygh8zvHs4","Melendi","2018-03-09","https://i.scdn.co/image/ab67616d0000b27303e608a0e5d9ade27dfa8d0c","1","4","246840","https://p.scdn.co/mp3-preview/1dda7f5eac5336fc292175381d0c75715b445f9e?cid=9950ac751e34487dbbe027c4fd7f8e99","false","39","ES5021800003","spotify:user:12136711908","2026-07-24T13:20:19Z"
"spotify:track:1yO5KgygGOA8FsZOhmyrUb","Cuando estés aquí","spotify:artist:5M9Bb4adKAgrOFOhc05Y50","Pablo Alborán","spotify:album:34gcIlhIwf5ErP6Hg6wpGv","Cuando estés aquí","spotify:artist:5M9Bb4adKAgrOFOhc05Y50","Pablo Alborán","2020-04-13","https://i.scdn.co/image/ab67616d0000b273c452a94daaa1df3931b44b20","1","1","190219","https://p.scdn.co/mp3-preview/c67024f756d5272bb137ec2088c9a5e7476605dd?cid=9950ac751e34487dbbe027c4fd7f8e99","false","41","ES5152000287","spotify:user:12136711908","2026-07-24T13:20:19Z"
"spotify:track:7CoWdIlPmaXOImRd8lkWsD","Idiota","spotify:artist:5M9Bb4adKAgrOFOhc05Y50","Pablo Alborán","spotify:album:4qtl6sl6iwC37wRM9lbssD","Prometo","spotify:artist:5M9Bb4adKAgrOFOhc05Y50","Pablo Alborán","2017-06-01","https://i.scdn.co/image/ab67616d0000b273e34a5d392e3acd4d2d5974c8","1","9","206600","https://p.scdn.co/mp3-preview/9ad9431df24c999020d802180ae29be672d6a7fb?cid=9950ac751e34487dbbe027c4fd7f8e99","false","38","ES5151701364","spotify:user:12136711908","2026-07-24T13:20:19Z"
"spotify:track:5zL4Xj7jR6QXau8zWfJLKh","Novia a la fuga","spotify:artist:1EXjXQpDx2pROygh8zvHs4","Melendi","spotify:album:1nRo70xzejpUW36UNp0ZF8","Que El Cielo Espere Sentao..","spotify:artist:1EXjXQpDx2pROygh8zvHs4","Melendi","2005","https://i.scdn.co/image/ab67616d0000b273fdf0ca257453adac7d1167b2","1","5","185480","https://p.scdn.co/mp3-preview/fae82ab2ff9980315197553d964bbce58ddc471c?cid=9950ac751e34487dbbe027c4fd7f8e99","false","48","ES5080600430","spotify:user:12136711908","2026-07-24T13:20:19Z"
"spotify:track:0HwK6fvgBNrEpwUR32ZvTK","No Tengo Nada","spotify:artist:5sUrlPAHlS9NEirDB8SEbF","Alejandro Sanz","spotify:album:3RSownGSkhJPRmzLddzsUd","#ELDISCO","spotify:artist:5sUrlPAHlS9NEirDB8SEbF","Alejandro Sanz","2019-04-04","https://i.scdn.co/image/ab67616d0000b27377ad6c0984b1437d5d91a5fa","1","3","225599","","false","46","ES5701801234","spotify:user:12136711908","2026-07-24T13:20:19Z"
"spotify:track:2FpZZKTVyp5fhbjp3IxW9e","Azúcar En Un Bowl","spotify:artist:5sUrlPAHlS9NEirDB8SEbF","Alejandro Sanz","spotify:album:3RSownGSkhJPRmzLddzsUd","#ELDISCO","spotify:artist:5sUrlPAHlS9NEirDB8SEbF","Alejandro Sanz","2019-04-04","https://i.scdn.co/image/ab67616d0000b27377ad6c0984b1437d5d91a5fa","1","8","223303","","false","29","ES5701801483","spotify:user:12136711908","2026-07-24T13:20:19Z"
"spotify:track:3h26qkWDiDWZ6rXcaIzVsy","Está permitido","spotify:artist:5M9Bb4adKAgrOFOhc05Y50","Pablo Alborán","spotify:album:1cWvezm4YsxlvvOSRUXLmS","Terral","spotify:artist:5M9Bb4adKAgrOFOhc05Y50","Pablo Alborán","2014-11-10","https://i.scdn.co/image/ab67616d0000b2737e182125bce4ec18687faed1","1","5","224693","https://p.scdn.co/mp3-preview/7b689195cbcb480cd616446cd4bbe925a2552a08?cid=9950ac751e34487dbbe027c4fd7f8e99","false","39","ES5151401639","spotify:user:12136711908","2026-07-24T13:20:19Z"
"spotify:track:3ZyaRoOvgTIzfsceL7l16G","Si tú me miras","spotify:artist:5sUrlPAHlS9NEirDB8SEbF","Alejandro Sanz","spotify:album:2iSb8znJjwpsaGMA5NlcnW","Si Tu Me Miras","spotify:artist:5sUrlPAHlS9NEirDB8SEbF","Alejandro Sanz","1993-05-14","https://i.scdn.co/image/ab67616d0000b27346bf936338608520f97ea15d","1","1","257920","https://p.scdn.co/mp3-preview/4e5d3e22ab8806d79d5c3e8e599e590fe63ce8f9?cid=9950ac751e34487dbbe027c4fd7f8e99","false","68","ES5159306001","spotify:user:12136711908","2026-07-24T13:20:19Z"
"spotify:track:0wQCKR9OFjYu5Kzrk7WivJ","Corazón partío","spotify:artist:5sUrlPAHlS9NEirDB8SEbF","Alejandro Sanz","spotify:album:3MfNbOJuFb5H4CjrT49oiI","Más","spotify:artist:5sUrlPAHlS9NEirDB8SEbF","Alejandro Sanz","1997","https://i.scdn.co/image/ab67616d0000b273f4b093df6b9dccc604ab9155","1","3","343413","https://p.scdn.co/mp3-preview/3724898401b4f32d996ad3eee25f0bc53d4a6f20?cid=9950ac751e34487dbbe027c4fd7f8e99","false","81","ES5159706045","spotify:user:12136711908","2026-07-24T13:20:19Z"
"spotify:track:3AuDrKXpi173Z4ZtcKWtKH","Los dos cogidos de la mano","spotify:artist:5sUrlPAHlS9NEirDB8SEbF","Alejandro Sanz","spotify:album:33SeVIcoXAiWcqGhQaEZFF","Basico","spotify:artist:5sUrlPAHlS9NEirDB8SEbF","Alejandro Sanz","1994-11-18","https://i.scdn.co/image/ab67616d0000b273e74547d11b7ef3a87a0c8681","1","6","280266","https://p.scdn.co/mp3-preview/d091739594308f5bfe40b22e060b2bea258e4ada?cid=9950ac751e34487dbbe027c4fd7f8e99","false","48","ES5159306113","spotify:user:12136711908","2026-07-24T13:20:19Z"
"spotify:track:2awWt1W7DcaKPY2M9IqT6E","Viviendo deprisa","spotify:artist:5sUrlPAHlS9NEirDB8SEbF","Alejandro Sanz","spotify:album:33SeVIcoXAiWcqGhQaEZFF","Basico","spotify:artist:5sUrlPAHlS9NEirDB8SEbF","Alejandro Sanz","1994-11-18","https://i.scdn.co/image/ab67616d0000b273e74547d11b7ef3a87a0c8681","1","10","216400","https://p.scdn.co/mp3-preview/b8019c2e7515a26acebbc0f00230d1aa5c31530f?cid=9950ac751e34487dbbe027c4fd7f8e99","false","46","ES5159306117","spotify:user:12136711908","2026-07-24T13:20:19Z"
"spotify:track:7kENZOuaPPXZG0JrYLu7ZT","El Trato","spotify:artist:5sUrlPAHlS9NEirDB8SEbF","Alejandro Sanz","spotify:album:3RSownGSkhJPRmzLddzsUd","#ELDISCO","spotify:artist:5sUrlPAHlS9NEirDB8SEbF","Alejandro Sanz","2019-04-04","https://i.scdn.co/image/ab67616d0000b27377ad6c0984b1437d5d91a5fa","1","1","258236","","false","45","ES5701801455","spotify:user:12136711908","2026-07-24T13:20:19Z"
"spotify:track:4zOJCXubxX7p40v2YIrItc","Si Yo Quisiera Y Si Tú Pudieras","spotify:artist:5sUrlPAHlS9NEirDB8SEbF","Alejandro Sanz","spotify:album:0FZBhjDJOY7l3eQ1uswUR4","Sanz","spotify:artist:5sUrlPAHlS9NEirDB8SEbF","Alejandro Sanz","2021-12-09","https://i.scdn.co/image/ab67616d0000b2737afcf207e16f4b6539d4a992","1","5","247871","","false","32","ES5702101729","spotify:user:12136711908","2026-07-24T13:20:19Z"
"spotify:track:7dgFxeKMK5U5WVcNKEH66s","Cenizas en la eternidad","spotify:artist:1EXjXQpDx2pROygh8zvHs4","Melendi","spotify:album:0Ggp1Xlj8V9dBz1nrQATgo","Un alumno más","spotify:artist:1EXjXQpDx2pROygh8zvHs4","Melendi","2014-11-25","https://i.scdn.co/image/ab67616d0000b273bebbbfeb614d51835b817beb","1","5","356106","https://p.scdn.co/mp3-preview/1d9fdbcca59d10b6bb75988bfae8a40265fff696?cid=9950ac751e34487dbbe027c4fd7f8e99","false","0","ES5151401988","spotify:user:12136711908","2026-07-24T13:20:19Z"
"spotify:track:2f0N3mDwNoUO8Lnqhm8URm","La religión de los idiotas","spotify:artist:1EXjXQpDx2pROygh8zvHs4","Melendi","spotify:album:0Ggp1Xlj8V9dBz1nrQATgo","Un alumno más","spotify:artist:1EXjXQpDx2pROygh8zvHs4","Melendi","2014-11-25","https://i.scdn.co/image/ab67616d0000b273bebbbfeb614d51835b817beb","1","3","208826","https://p.scdn.co/mp3-preview/19cec67e99a2030245e2b236fa29313503910fac?cid=9950ac751e34487dbbe027c4fd7f8e99","false","0","ES5151401229","spotify:user:12136711908","2026-07-24T13:20:19Z"
"spotify:track:1XKjfLKRasFgB2U0GnFnj6","Casi","spotify:artist:1EXjXQpDx2pROygh8zvHs4","Melendi","spotify:album:4dyXeSqQEtvlpuXEEErPfC","Casi","spotify:artist:1EXjXQpDx2pROygh8zvHs4","Melendi","2019-11-01","https://i.scdn.co/image/ab67616d0000b27327525e13ca751148b8795d0d","1","1","270773","https://p.scdn.co/mp3-preview/95a0aa25651613cc3a14187450cea47cf69a7edd?cid=9950ac751e34487dbbe027c4fd7f8e99","false","0","ES5021901628","spotify:user:12136711908","2026-07-24T13:20:19Z"
"spotify:track:4xUHq1xn1CCrtmAQ0BJpqr","Billy El Pistolero","spotify:artist:1EXjXQpDx2pROygh8zvHs4","Melendi","spotify:album:1nRo70xzejpUW36UNp0ZF8","Que El Cielo Espere Sentao..","spotify:artist:1EXjXQpDx2pROygh8zvHs4","Melendi","2005","https://i.scdn.co/image/ab67616d0000b273fdf0ca257453adac7d1167b2","1","2","232373","https://p.scdn.co/mp3-preview/c13c9f73d8bb980f2a657675267c64fd0dea7eb4?cid=9950ac751e34487dbbe027c4fd7f8e99","false","47","ES5080600402","spotify:user:12136711908","2026-07-24T13:20:19Z"
"spotify:track:7bp62Lo0nOBcfB70iUoibE","Barbie de extrarradio","spotify:artist:1EXjXQpDx2pROygh8zvHs4","Melendi","spotify:album:1O2K1CtGy9oNUPkmOKLnAx","Volvamos a empezar (Deluxe edition)","spotify:artist:1EXjXQpDx2pROygh8zvHs4","Melendi","2010-10-29","https://i.scdn.co/image/ab67616d0000b2737054311bb228b1a1368dc485","1","1","215946","https://p.scdn.co/mp3-preview/70141ac33216916e5a8782dfafeee202ded80037?cid=9950ac751e34487dbbe027c4fd7f8e99","false","67","ES5151001358","spotify:user:12136711908","2026-07-24T13:20:19Z"
"spotify:track:4RgqBP0RY3pQY3Z3d3fKnf","Carretera y manta","spotify:artist:5M9Bb4adKAgrOFOhc05Y50","Pablo Alborán","spotify:album:3DlIRvWPWudQaYZOclzabT","Carretera y manta","spotify:artist:5M9Bb4adKAgrOFOhc05Y50","Pablo Alborán","2022-07-15","https://i.scdn.co/image/ab67616d0000b2731a589ebb4b90ef40ce232559","1","1","163244","https://p.scdn.co/mp3-preview/a248047daa7275081db81db3a56f98848619a037?cid=9950ac751e34487dbbe027c4fd7f8e99","false","53","ES5152200753","spotify:user:12136711908","2026-07-24T13:20:19Z"
"spotify:track:0Bs7Y5vCIzuvFTS9SLBPn8","El alma al aire","spotify:artist:5sUrlPAHlS9NEirDB8SEbF","Alejandro Sanz","spotify:album:5H3nqNi9L3NaxPG45h3CjJ","El alma al aire","spotify:artist:5sUrlPAHlS9NEirDB8SEbF","Alejandro Sanz","2000-09-26","https://i.scdn.co/image/ab67616d0000b27357199f2ffbccdcbbfb25c0ab","1","6","356760","https://p.scdn.co/mp3-preview/6e5d57e85ad588713a103094eb1c9cafca54810a?cid=9950ac751e34487dbbe027c4fd7f8e99","false","62","ES5150006006","spotify:user:12136711908","2026-07-24T13:20:19Z"
"spotify:track:64jEPUJdZzI4sdivFkR4A7","Mi Marciana","spotify:artist:5sUrlPAHlS9NEirDB8SEbF","Alejandro Sanz","spotify:album:5O5LrflUeCNwNAsCQ5o0jk","La Música No Se Toca (Deluxe)","spotify:artist:5sUrlPAHlS9NEirDB8SEbF","Alejandro Sanz","2012-01-01","https://i.scdn.co/image/ab67616d0000b27397d69419b14a137460476d41","1","5","293280","","false","62","ES5701201047","spotify:user:12136711908","2026-07-24T13:20:19Z"
"spotify:track:47WGCxxaffG8uNYaCzq25j","Canción sin emoción","spotify:artist:5sUrlPAHlS9NEirDB8SEbF","Alejandro Sanz","spotify:album:6iQUPW8yGLQdbf3JXmNA8N","Alejandro Sanz 3","spotify:artist:5sUrlPAHlS9NEirDB8SEbF","Alejandro Sanz","1995-09-26","https://i.scdn.co/image/ab67616d0000b2730646e298a49b0abef5decd0b","1","7","251106","https://p.scdn.co/mp3-preview/783302b28606e2b4329d8f1ebdbf26b669247652?cid=9950ac751e34487dbbe027c4fd7f8e99","false","48","ES5159506017","spotify:user:12136711908","2026-07-24T13:20:19Z"
"spotify:track:5vr2aeKPuH8koWDcjRvlEn","Perdóname","spotify:artist:5M9Bb4adKAgrOFOhc05Y50","Pablo Alborán","spotify:album:1PfEXmG8ioEwsj7qDaCQXc","Pablo Alboran (Deluxe)","spotify:artist:5M9Bb4adKAgrOFOhc05Y50","Pablo Alborán","2011-02-01","https://i.scdn.co/image/ab67616d0000b27399d877d3cdd8d5c88f2c7ea1","1","8","251200","https://p.scdn.co/mp3-preview/95c06ae86912b7d1e5b46a31ee97ea2a8d03d0ec?cid=9950ac751e34487dbbe027c4fd7f8e99","false","62","ES7661000008","spotify:user:12136711908","2026-07-24T13:20:19Z"
"spotify:track:6yR4OhiJYiH9YXOgv8MO0A","Donde está el amor","spotify:artist:5M9Bb4adKAgrOFOhc05Y50","Pablo Alborán","spotify:album:7kA3hvV7UjgnA5uiUBxwlN","Tanto (Edición Premium)","spotify:artist:5M9Bb4adKAgrOFOhc05Y50","Pablo Alborán","2012","https://i.scdn.co/image/ab67616d0000b2732394ef9128f6ca9ae94622aa","1","2","225013","https://p.scdn.co/mp3-preview/2e3fe652e68d54363c31f0a390a5beadcb2257ee?cid=9950ac751e34487dbbe027c4fd7f8e99","false","58","ES7661200018","spotify:user:12136711908","2026-07-24T13:20:19Z"
"spotify:track:2f0Ft2XdvNSMSY5TUlZgEz","Saturno","spotify:artist:5M9Bb4adKAgrOFOhc05Y50","Pablo Alborán","spotify:album:4qtl6sl6iwC37wRM9lbssD","Prometo","spotify:artist:5M9Bb4adKAgrOFOhc05Y50","Pablo Alborán","2017-06-01","https://i.scdn.co/image/ab67616d0000b273e34a5d392e3acd4d2d5974c8","1","1","253760","https://p.scdn.co/mp3-preview/e45c6656cfb2871a663c3f8235abd969ed61b5f9?cid=9950ac751e34487dbbe027c4fd7f8e99","false","78","ES5151701359","spotify:user:12136711908","2026-07-24T13:20:19Z"
"spotify:track:26bcLQegGejDzk5nO8ZAYJ","Vivir","spotify:artist:5M9Bb4adKAgrOFOhc05Y50","Pablo Alborán","spotify:album:4qtl6sl6iwC37wRM9lbssD","Prometo","spotify:artist:5M9Bb4adKAgrOFOhc05Y50","Pablo Alborán","2017-06-01","https://i.scdn.co/image/ab67616d0000b273e34a5d392e3acd4d2d5974c8","1","6","228640","https://p.scdn.co/mp3-preview/60415b934cf25de7c2e3cca60e5efa9e935afb81?cid=9950ac751e34487dbbe027c4fd7f8e99","false","43","ES5151701363","spotify:user:12136711908","2026-07-24T13:20:19Z"
"spotify:track:6D8oKYas43lMt7PmQNKy3Z","Toda la noche","spotify:artist:5M9Bb4adKAgrOFOhc05Y50","Pablo Alborán","spotify:album:7kA3hvV7UjgnA5uiUBxwlN","Tanto (Edición Premium)","spotify:artist:5M9Bb4adKAgrOFOhc05Y50","Pablo Alborán","2012","https://i.scdn.co/image/ab67616d0000b2732394ef9128f6ca9ae94622aa","1","5","184093","https://p.scdn.co/mp3-preview/473a4a792fc41a6097c3b23eb5349ccdc7fb1dcf?cid=9950ac751e34487dbbe027c4fd7f8e99","false","35","ES7661200012","spotify:user:12136711908","2026-07-24T13:20:19Z"
"spotify:track:1WetMjNFyQ7wQ5WyJIl2q9","Seré","spotify:artist:5M9Bb4adKAgrOFOhc05Y50","Pablo Alborán","spotify:album:7kA3hvV7UjgnA5uiUBxwlN","Tanto (Edición Premium)","spotify:artist:5M9Bb4adKAgrOFOhc05Y50","Pablo Alborán","2012","https://i.scdn.co/image/ab67616d0000b2732394ef9128f6ca9ae94622aa","1","6","253600","https://p.scdn.co/mp3-preview/4f3e0de758bb890b26b2590c92b23a6c5af121bf?cid=9950ac751e34487dbbe027c4fd7f8e99","false","41","ES7661200011","spotify:user:12136711908","2026-07-24T13:20:19Z"
"spotify:track:18B5yQ3A17I4z64h9v3OhY","En brazos de ella","spotify:artist:5M9Bb4adKAgrOFOhc05Y50","Pablo Alborán","spotify:album:7kA3hvV7UjgnA5uiUBxwlN","Tanto (Edición Premium)","spotify:artist:5M9Bb4adKAgrOFOhc05Y50","Pablo Alborán","2012","https://i.scdn.co/image/ab67616d0000b2732394ef9128f6ca9ae94622aa","1","9","236640","https://p.scdn.co/mp3-preview/78385e6aae8ee502c69913e6dacef65a5b91ab13?cid=9950ac751e34487dbbe027c4fd7f8e99","false","36","ES7661200007","spotify:user:12136711908","2026-07-24T13:20:19Z"
"spotify:track:5kPmyLRzyw9yOQgAST3Sv5","Miedo","spotify:artist:5M9Bb4adKAgrOFOhc05Y50","Pablo Alborán","spotify:album:1PfEXmG8ioEwsj7qDaCQXc","Pablo Alboran (Deluxe)","spotify:artist:5M9Bb4adKAgrOFOhc05Y50","Pablo Alborán","2011-02-01","https://i.scdn.co/image/ab67616d0000b27399d877d3cdd8d5c88f2c7ea1","1","2","224866","https://p.scdn.co/mp3-preview/22d642a6a1e674021177aea6b292657b6be47a2f?cid=9950ac751e34487dbbe027c4fd7f8e99","false","53","ES7661000002","spotify:user:12136711908","2026-07-24T13:20:19Z"
"spotify:track:3HsWJjLfXLLpTB9QG5Qd0i","Caramelo","spotify:artist:5M9Bb4adKAgrOFOhc05Y50","Pablo Alborán","spotify:album:1PfEXmG8ioEwsj7qDaCQXc","Pablo Alboran (Deluxe)","spotify:artist:5M9Bb4adKAgrOFOhc05Y50","Pablo Alborán","2011-02-01","https://i.scdn.co/image/ab67616d0000b27399d877d3cdd8d5c88f2c7ea1","1","4","262746","https://p.scdn.co/mp3-preview/8db28da99a360bdfba614dbe94dcc92da78abdb9?cid=9950ac751e34487dbbe027c4fd7f8e99","false","45","ES7661000005","spotify:user:12136711908","2026-07-24T13:20:19Z"
"spotify:track:1eUDlJKr75puA4lX2yw4xA","Desencuentro","spotify:artist:5M9Bb4adKAgrOFOhc05Y50","Pablo Alborán","spotify:album:1PfEXmG8ioEwsj7qDaCQXc","Pablo Alboran (Deluxe)","spotify:artist:5M9Bb4adKAgrOFOhc05Y50","Pablo Alborán","2011-02-01","https://i.scdn.co/image/ab67616d0000b27399d877d3cdd8d5c88f2c7ea1","1","7","237773","https://p.scdn.co/mp3-preview/9ee6f7d1ec04f05a4e0ab7711aa19492bda3e6ba?cid=9950ac751e34487dbbe027c4fd7f8e99","false","52","ES7661000007","spotify:user:12136711908","2026-07-24T13:20:19Z"
"spotify:track:4R6xJNOVhFqg8Ka8Lzdk5C","La escalera","spotify:artist:5M9Bb4adKAgrOFOhc05Y50","Pablo Alborán","spotify:album:1cWvezm4YsxlvvOSRUXLmS","Terral","spotify:artist:5M9Bb4adKAgrOFOhc05Y50","Pablo Alborán","2014-11-10","https://i.scdn.co/image/ab67616d0000b2737e182125bce4ec18687faed1","1","2","237080","https://p.scdn.co/mp3-preview/dc34f4f4cd50141f71bbca3442cb3a881db1a196?cid=9950ac751e34487dbbe027c4fd7f8e99","false","47","ES5151401636","spotify:user:12136711908","2026-07-24T13:20:19Z"
"spotify:track:0irijtfZQ6fRZcvkGDrBpx","Ave de paso (con Ana Mena)","spotify:artist:5M9Bb4adKAgrOFOhc05Y50, spotify:artist:6k8mwkKJKKjBILo7ypBspl","Pablo Alborán, Ana Mena","spotify:album:2Iqhzdnwa1SlsTtqfQXWfn","La cuarta hoja","spotify:artist:5M9Bb4adKAgrOFOhc05Y50","Pablo Alborán","2022-12-01","https://i.scdn.co/image/ab67616d0000b2731b6adeef3a4366be8d4d2aef","1","7","216586","https://p.scdn.co/mp3-preview/62ec42f9613d1d8eab3d4c285206a81fd49a9b15?cid=9950ac751e34487dbbe027c4fd7f8e99","false","51","ES5152200983","spotify:user:12136711908","2026-07-24T13:20:19Z"
"spotify:track:5sUUGvIl4Mf5tEMAlqAlcr","Voraces","spotify:artist:5M9Bb4adKAgrOFOhc05Y50","Pablo Alborán","spotify:album:2Iqhzdnwa1SlsTtqfQXWfn","La cuarta hoja","spotify:artist:5M9Bb4adKAgrOFOhc05Y50","Pablo Alborán","2022-12-01","https://i.scdn.co/image/ab67616d0000b2731b6adeef3a4366be8d4d2aef","1","3","189471","https://p.scdn.co/mp3-preview/7da4ed650794bfb9408e78a22058c925e3a84739?cid=9950ac751e34487dbbe027c4fd7f8e99","false","45","ES5152200976","spotify:user:12136711908","2026-07-24T13:20:19Z"
"spotify:track:0RJk39sj4yi0ClJt4wXkY3","El traje","spotify:artist:5M9Bb4adKAgrOFOhc05Y50","Pablo Alborán","spotify:album:2Iqhzdnwa1SlsTtqfQXWfn","La cuarta hoja","spotify:artist:5M9Bb4adKAgrOFOhc05Y50","Pablo Alborán","2022-12-01","https://i.scdn.co/image/ab67616d0000b2731b6adeef3a4366be8d4d2aef","1","5","193831","https://p.scdn.co/mp3-preview/bcc152de978cbc75e5af91a42971023b41542048?cid=9950ac751e34487dbbe027c4fd7f8e99","false","44","ES5152200978","spotify:user:12136711908","2026-07-24T13:20:19Z"
"spotify:track:2lARX4lk2H7zgF0hD5jq3D","A batir las alas","spotify:artist:5M9Bb4adKAgrOFOhc05Y50","Pablo Alborán","spotify:album:2Iqhzdnwa1SlsTtqfQXWfn","La cuarta hoja","spotify:artist:5M9Bb4adKAgrOFOhc05Y50","Pablo Alborán","2022-12-01","https://i.scdn.co/image/ab67616d0000b2731b6adeef3a4366be8d4d2aef","1","6","224210","https://p.scdn.co/mp3-preview/f49e729ca2800736aafe2f0d51e97cf6a62af7cc?cid=9950ac751e34487dbbe027c4fd7f8e99","false","42","ES5152200979","spotify:user:12136711908","2026-07-24T13:20:19Z"
"spotify:track:5hIHn7ydfa0HIJTN7GS4fR","Qué Más Puede Salir Mal","spotify:artist:1EXjXQpDx2pROygh8zvHs4","Melendi","spotify:album:3dqitbJXkuv1S0WE0xF2L1","Aún Más Curiosa La Cara De Tu Padre","spotify:artist:1EXjXQpDx2pROygh8zvHs4","Melendi","2009-03-24","https://i.scdn.co/image/ab67616d0000b2735eaab26174e72e7c8e5311c7","1","9","192453","https://p.scdn.co/mp3-preview/32c17e32031e31089d33f02264cb776a844b83d2?cid=9950ac751e34487dbbe027c4fd7f8e99","false","26","ESD010800123","spotify:user:12136711908","2026-07-24T13:20:19Z"
"spotify:track:05Zcw1sWmSu3wfbaLTeosp","Y sólo se me ocurre amarte","spotify:artist:5sUrlPAHlS9NEirDB8SEbF","Alejandro Sanz","spotify:album:1GP8zhAu7gbAQTzfl6xOKo","MTV Unplugged","spotify:artist:5sUrlPAHlS9NEirDB8SEbF","Alejandro Sanz","2001-11-19","https://i.scdn.co/image/ab67616d0000b2730eb3e415c8a372c1441e1d32","1","2","277226","https://p.scdn.co/mp3-preview/51878d639578b7b3fa6a0aafcda1073432f36ec6?cid=9950ac751e34487dbbe027c4fd7f8e99","false","74","ES5150106018","spotify:user:12136711908","2026-07-24T13:20:19Z"
"spotify:track:4pjECblBDRIl2AbjS4nxju","Mi Código Postal","spotify:artist:1EXjXQpDx2pROygh8zvHs4","Melendi","spotify:album:2cx8aUPxZ0GvVJkJdNXeOM","Ahora","spotify:artist:1EXjXQpDx2pROygh8zvHs4","Melendi","2018-03-09","https://i.scdn.co/image/ab67616d0000b27303e608a0e5d9ade27dfa8d0c","1","7","254053","https://p.scdn.co/mp3-preview/0e99e0d0eef97d9e809d238e21589485484e5bbf?cid=9950ac751e34487dbbe027c4fd7f8e99","false","39","ES5021800007","spotify:user:12136711908","2026-07-24T13:20:19Z"
"spotify:track:47zdeLK0BSdkdJehE5MnON","Tan Tonto Como Tú","spotify:artist:1EXjXQpDx2pROygh8zvHs4","Melendi","spotify:album:309uagfPtaKPwlqZgH16xD","10:20:40","spotify:artist:1EXjXQpDx2pROygh8zvHs4","Melendi","2019-11-29","https://i.scdn.co/image/ab67616d0000b27347dce93683c8390a3a07b8e7","1","4","239280","https://p.scdn.co/mp3-preview/5fab717b565f913a81fbb617c9c8cb209c88744e?cid=9950ac751e34487dbbe027c4fd7f8e99","false","48","ES5021901626","spotify:user:12136711908","2026-07-24T13:20:19Z"
"spotify:track:0PQySLQIY1UmBPDDP1SZhG","Amiga mía","spotify:artist:5sUrlPAHlS9NEirDB8SEbF","Alejandro Sanz","spotify:album:2avjXzB9ndvLElhdXzKOBX","Coleccion definitiva (Deluxe)","spotify:artist:5sUrlPAHlS9NEirDB8SEbF","Alejandro Sanz","2011-11-11","https://i.scdn.co/image/ab67616d0000b273f879e00e06da58237c0ce13a","1","3","290973","https://p.scdn.co/mp3-preview/693ef479bfc49152dab16df3a9e2179fe1dc5e8b?cid=9950ac751e34487dbbe027c4fd7f8e99","false","43","ES5159706050","spotify:user:12136711908","2026-07-24T13:20:19Z"
"spotify:track:0akgYnbCTTuUEmtegu95GG","Mi primera canción","spotify:artist:5sUrlPAHlS9NEirDB8SEbF","Alejandro Sanz","spotify:album:2avjXzB9ndvLElhdXzKOBX","Coleccion definitiva (Deluxe)","spotify:artist:5sUrlPAHlS9NEirDB8SEbF","Alejandro Sanz","2011-11-11","https://i.scdn.co/image/ab67616d0000b273f879e00e06da58237c0ce13a","1","5","275720","https://p.scdn.co/mp3-preview/f647353e7486ed7677db11422573c6b159a6b7e5?cid=9950ac751e34487dbbe027c4fd7f8e99","false","31","ES5159306006","spotify:user:12136711908","2026-07-24T13:20:19Z"
"spotify:track:2A8JrolyBB1nVXVCd7AqYj","Nuestro amor será leyenda","spotify:artist:5sUrlPAHlS9NEirDB8SEbF","Alejandro Sanz","spotify:album:2avjXzB9ndvLElhdXzKOBX","Coleccion definitiva (Deluxe)","spotify:artist:5sUrlPAHlS9NEirDB8SEbF","Alejandro Sanz","2011-11-11","https://i.scdn.co/image/ab67616d0000b273f879e00e06da58237c0ce13a","1","20","278160","https://p.scdn.co/mp3-preview/a410267356e1cb3e16f6b04cb9e26e7b0ace27f0?cid=9950ac751e34487dbbe027c4fd7f8e99","false","40","ES5150901162","spotify:user:12136711908","2026-07-24T13:20:19Z"
"spotify:track:4qjPG51k0pnidnHZXU0chv","Enséñame tus manos","spotify:artist:5sUrlPAHlS9NEirDB8SEbF","Alejandro Sanz","spotify:album:2avjXzB9ndvLElhdXzKOBX","Coleccion definitiva (Deluxe)","spotify:artist:5sUrlPAHlS9NEirDB8SEbF","Alejandro Sanz","2011-11-11","https://i.scdn.co/image/ab67616d0000b273f879e00e06da58237c0ce13a","1","24","231359","https://p.scdn.co/mp3-preview/96e1fb9c59ff9559b62933e7105bc5808fe7de89?cid=9950ac751e34487dbbe027c4fd7f8e99","false","27","ES5150606035","spotify:user:12136711908","2026-07-24T13:20:19Z"
"spotify:track:0qyQSGbMznclQ1RzCaTfuo","Tú no tienes alma","spotify:artist:5sUrlPAHlS9NEirDB8SEbF","Alejandro Sanz","spotify:album:2avjXzB9ndvLElhdXzKOBX","Coleccion definitiva (Deluxe)","spotify:artist:5sUrlPAHlS9NEirDB8SEbF","Alejandro Sanz","2011-11-11","https://i.scdn.co/image/ab67616d0000b273f879e00e06da58237c0ce13a","1","28","238719","https://p.scdn.co/mp3-preview/70edde27c7442a48491ae39dd6ba3c306ae22ea8?cid=9950ac751e34487dbbe027c4fd7f8e99","false","28","ES5150406006","spotify:user:12136711908","2026-07-24T13:20:19Z"
"spotify:track:3c64REpQJStJ1fPTfA5gwW","Sin que se note","spotify:artist:5sUrlPAHlS9NEirDB8SEbF","Alejandro Sanz","spotify:album:2avjXzB9ndvLElhdXzKOBX","Coleccion definitiva (Deluxe)","spotify:artist:5sUrlPAHlS9NEirDB8SEbF","Alejandro Sanz","2011-11-11","https://i.scdn.co/image/ab67616d0000b273f879e00e06da58237c0ce13a","1","29","266853","https://p.scdn.co/mp3-preview/83d8b8749fc0aa60fbf28ad21314903c843a12fc?cid=9950ac751e34487dbbe027c4fd7f8e99","false","27","ES5150901157","spotify:user:12136711908","2026-07-24T13:20:19Z"
"spotify:track:3QYWYwpcCdf5f5DQW52oaz","Para que me quieras","spotify:artist:5sUrlPAHlS9NEirDB8SEbF","Alejandro Sanz","spotify:album:5H3nqNi9L3NaxPG45h3CjJ","El alma al aire","spotify:artist:5sUrlPAHlS9NEirDB8SEbF","Alejandro Sanz","2000-09-26","https://i.scdn.co/image/ab67616d0000b27357199f2ffbccdcbbfb25c0ab","1","4","269333","https://p.scdn.co/mp3-preview/9fdaa9bf383e12c4e5d1a20036d98d154a40ac38?cid=9950ac751e34487dbbe027c4fd7f8e99","false","53","ES5150006004","spotify:user:12136711908","2026-07-24T13:20:19Z"
"spotify:track:3Mu0D93GhMoPKjPx7htLXY","Tiene que ser pecado","spotify:artist:5sUrlPAHlS9NEirDB8SEbF","Alejandro Sanz","spotify:album:5H3nqNi9L3NaxPG45h3CjJ","El alma al aire","spotify:artist:5sUrlPAHlS9NEirDB8SEbF","Alejandro Sanz","2000-09-26","https://i.scdn.co/image/ab67616d0000b27357199f2ffbccdcbbfb25c0ab","1","9","305226","https://p.scdn.co/mp3-preview/4a18a221d320c6c16d8a048956b5e74e4bbc6301?cid=9950ac751e34487dbbe027c4fd7f8e99","false","33","ES5150006009","spotify:user:12136711908","2026-07-24T13:20:19Z"
"spotify:track:42t0ZnBaS3dYFcs3xyQF2Y","Me iré","spotify:artist:5sUrlPAHlS9NEirDB8SEbF","Alejandro Sanz","spotify:album:5H3nqNi9L3NaxPG45h3CjJ","El alma al aire","spotify:artist:5sUrlPAHlS9NEirDB8SEbF","Alejandro Sanz","2000-09-26","https://i.scdn.co/image/ab67616d0000b27357199f2ffbccdcbbfb25c0ab","1","7","340106","https://p.scdn.co/mp3-preview/b022943d17acb700623337f3dba7dffdc6a2a4aa?cid=9950ac751e34487dbbe027c4fd7f8e99","false","45","ES5150006007","spotify:user:12136711908","2026-07-24T13:20:19Z"
"spotify:track:5JA04DokXsoCNcVPI9NRmD","Hay un universo de pequeñas cosas","spotify:artist:5sUrlPAHlS9NEirDB8SEbF","Alejandro Sanz","spotify:album:5H3nqNi9L3NaxPG45h3CjJ","El alma al aire","spotify:artist:5sUrlPAHlS9NEirDB8SEbF","Alejandro Sanz","2000-09-26","https://i.scdn.co/image/ab67616d0000b27357199f2ffbccdcbbfb25c0ab","1","2","321266","https://p.scdn.co/mp3-preview/bcc96dd924e830dc64f49e994e02221aea40ee10?cid=9950ac751e34487dbbe027c4fd7f8e99","false","49","ES5150006002","spotify:user:12136711908","2026-07-24T13:20:19Z"
"spotify:track:1iWHjFrw8mbjsrQTPUmhzJ","Cómo te echo de menos","spotify:artist:5sUrlPAHlS9NEirDB8SEbF","Alejandro Sanz","spotify:album:33SeVIcoXAiWcqGhQaEZFF","Basico","spotify:artist:5sUrlPAHlS9NEirDB8SEbF","Alejandro Sanz","1994-11-18","https://i.scdn.co/image/ab67616d0000b273e74547d11b7ef3a87a0c8681","1","5","239440","https://p.scdn.co/mp3-preview/373c2edd83bec6f760a1fc52c7172af05136ba14?cid=9950ac751e34487dbbe027c4fd7f8e99","false","49","ES5159306112","spotify:user:12136711908","2026-07-24T13:20:19Z"
"spotify:track:3VK5V5uummCjGscy3KzH4f","A golpes contra el calendario","spotify:artist:5sUrlPAHlS9NEirDB8SEbF","Alejandro Sanz","spotify:album:33SeVIcoXAiWcqGhQaEZFF","Basico","spotify:artist:5sUrlPAHlS9NEirDB8SEbF","Alejandro Sanz","1994-11-18","https://i.scdn.co/image/ab67616d0000b273e74547d11b7ef3a87a0c8681","1","8","316866","https://p.scdn.co/mp3-preview/0f517dcaf125ca988ca83f34a9cbe838b50a9a75?cid=9950ac751e34487dbbe027c4fd7f8e99","false","42","ES5159306115","spotify:user:12136711908","2026-07-24T13:20:19Z"
"spotify:track:1WuEVGRUVqerATCrr2ZmbE","Qué no te daría yo","spotify:artist:5sUrlPAHlS9NEirDB8SEbF","Alejandro Sanz","spotify:album:33SeVIcoXAiWcqGhQaEZFF","Basico","spotify:artist:5sUrlPAHlS9NEirDB8SEbF","Alejandro Sanz","1994-11-18","https://i.scdn.co/image/ab67616d0000b273e74547d11b7ef3a87a0c8681","1","3","243933","https://p.scdn.co/mp3-preview/1bf1c855137add95af6030186dc01a399da550b1?cid=9950ac751e34487dbbe027c4fd7f8e99","false","37","ES5159306110","spotify:user:12136711908","2026-07-24T13:20:19Z"
"spotify:track:4sVg8d2MeHHBWggfnetrWq","Canción de amor caducada","spotify:artist:1EXjXQpDx2pROygh8zvHs4","Melendi","spotify:album:4ZkaJeOjMZh4M8o8wZM6fJ","Yo me veo contigo","spotify:artist:1EXjXQpDx2pROygh8zvHs4","Melendi","2017-12-08","https://i.scdn.co/image/ab67616d0000b2730a13fb9b2b0cd1e20f66fb98","1","21","248346","https://p.scdn.co/mp3-preview/b9537e119a1f03d0ff838f5ea9d2bfb78a75b091?cid=9950ac751e34487dbbe027c4fd7f8e99","false","32","ES5151001365","spotify:user:12136711908","2026-07-24T13:20:19Z"
"spotify:track:6R7MkpesC5rIDeXs8TR7Dq","Lágrimas desordenadas","spotify:artist:1EXjXQpDx2pROygh8zvHs4","Melendi","spotify:album:4ZkaJeOjMZh4M8o8wZM6fJ","Yo me veo contigo","spotify:artist:1EXjXQpDx2pROygh8zvHs4","Melendi","2017-12-08","https://i.scdn.co/image/ab67616d0000b2730a13fb9b2b0cd1e20f66fb98","1","22","229308","https://p.scdn.co/mp3-preview/ea66774cf4bd9668f7e686cbb15421fffd88a811?cid=9950ac751e34487dbbe027c4fd7f8e99","false","31","ES5151201509","spotify:user:12136711908","2026-07-24T13:20:19Z"
"spotify:track:3gpoK66yRCnmq9KgJ0rt7J","Gracias Por Venir","spotify:artist:1EXjXQpDx2pROygh8zvHs4","Melendi","spotify:album:3AKvOADjzgSZUts8anTf1H","Gracias Por Venir","spotify:artist:1EXjXQpDx2pROygh8zvHs4","Melendi","2023-02-11","https://i.scdn.co/image/ab67616d0000b273a9a8ad277389881e8ec2624e","1","1","269135","https://p.scdn.co/mp3-preview/657b0482bab9360f666233702d9c359bd29f69dc?cid=9950ac751e34487dbbe027c4fd7f8e99","false","42","ES5022300298","spotify:user:12136711908","2026-07-24T13:20:19Z"
"spotify:track:4vtCOyIhm2SSaG79kGfc5L","Destino o casualidad","spotify:artist:1EXjXQpDx2pROygh8zvHs4","Melendi","spotify:album:4ZkaJeOjMZh4M8o8wZM6fJ","Yo me veo contigo","spotify:artist:1EXjXQpDx2pROygh8zvHs4","Melendi","2017-12-08","https://i.scdn.co/image/ab67616d0000b2730a13fb9b2b0cd1e20f66fb98","1","32","259146","https://p.scdn.co/mp3-preview/fa31c4dae7429817db8df32d8c12bab545cddf84?cid=9950ac751e34487dbbe027c4fd7f8e99","false","53","ES5151601868","spotify:user:12136711908","2026-07-24T13:20:19Z"
"spotify:track:7lPKBWu2qvaGEexFoXfQVd","De pequeño fue el coco","spotify:artist:1EXjXQpDx2pROygh8zvHs4","Melendi","spotify:album:4ZkaJeOjMZh4M8o8wZM6fJ","Yo me veo contigo","spotify:artist:1EXjXQpDx2pROygh8zvHs4","Melendi","2017-12-08","https://i.scdn.co/image/ab67616d0000b2730a13fb9b2b0cd1e20f66fb98","1","27","242840","https://p.scdn.co/mp3-preview/9b0c90d29526f834b48fe06214f0611b66e4f47a?cid=9950ac751e34487dbbe027c4fd7f8e99","false","26","ES5151201516","spotify:user:12136711908","2026-07-24T13:20:19Z"
"spotify:track:0p9zxloVaytLMbORCBMfwO","Besos a la Lona","spotify:artist:1EXjXQpDx2pROygh8zvHs4","Melendi","spotify:album:2OVkLEMcPk9LPdl4eza40X","Besos a la Lona","spotify:artist:1EXjXQpDx2pROygh8zvHs4","Melendi","2018-11-30","https://i.scdn.co/image/ab67616d0000b273f17db19400909678adaf55ed","1","1","246677","https://p.scdn.co/mp3-preview/30d145fb871aaabe9d317fdce030178878855769?cid=9950ac751e34487dbbe027c4fd7f8e99","false","47","ES5021800891","spotify:user:12136711908","2026-07-24T13:20:19Z"
"spotify:track:0tBV4TaXLAT0UvjLbhkYwL","Colgado de la vecina","spotify:artist:1EXjXQpDx2pROygh8zvHs4","Melendi","spotify:album:0Ggp1Xlj8V9dBz1nrQATgo","Un alumno más","spotify:artist:1EXjXQpDx2pROygh8zvHs4","Melendi","2014-11-25","https://i.scdn.co/image/ab67616d0000b273bebbbfeb614d51835b817beb","1","8","218746","https://p.scdn.co/mp3-preview/dba2a57084801598912dc670c782a6799a092d04?cid=9950ac751e34487dbbe027c4fd7f8e99","false","0","ES5151401234","spotify:user:12136711908","2026-07-24T13:20:19Z"
"spotify:track:1lrHNVKzs1X7PkCXlWqpqt","Likes y Cicatrices","spotify:artist:1EXjXQpDx2pROygh8zvHs4","Melendi","spotify:album:450aVb02CfLVugPpSjUlWO","Likes y Cicatrices","spotify:artist:1EXjXQpDx2pROygh8zvHs4","Melendi","2021-11-05","https://i.scdn.co/image/ab67616d0000b2735f9894c4e4c5ee8f8f968512","1","4","222706","https://p.scdn.co/mp3-preview/11e033a0a436f2ebf4b9ff0ab651d86cbaae8819?cid=9950ac751e34487dbbe027c4fd7f8e99","false","45","ES5022101475","spotify:user:12136711908","2026-07-24T13:20:19Z"
"spotify:track:5n0WDCxbmV229I6owt6Q7H","Como una vela","spotify:artist:1EXjXQpDx2pROygh8zvHs4","Melendi","spotify:album:3dqitbJXkuv1S0WE0xF2L1","Aún Más Curiosa La Cara De Tu Padre","spotify:artist:1EXjXQpDx2pROygh8zvHs4","Melendi","2009-03-24","https://i.scdn.co/image/ab67616d0000b2735eaab26174e72e7c8e5311c7","1","1","220906","https://p.scdn.co/mp3-preview/ccd9b42addd8be6d550c153af233c1c5de2d81ee?cid=9950ac751e34487dbbe027c4fd7f8e99","false","43","ESD010800116","spotify:user:12136711908","2026-07-24T13:20:19Z"
"spotify:track:0Zs8XHXhsQFQgr8cmkkrtq","Al Otro Lado del Pacífico","spotify:artist:1EXjXQpDx2pROygh8zvHs4","Melendi","spotify:album:450aVb02CfLVugPpSjUlWO","Likes y Cicatrices","spotify:artist:1EXjXQpDx2pROygh8zvHs4","Melendi","2021-11-05","https://i.scdn.co/image/ab67616d0000b2735f9894c4e4c5ee8f8f968512","1","11","258600","https://p.scdn.co/mp3-preview/5d4f2ddde99f2a4afc3315429e75aeac1c4b24c0?cid=9950ac751e34487dbbe027c4fd7f8e99","false","44","ES5022101618","spotify:user:12136711908","2026-07-24T13:20:19Z"
"spotify:track:7xa49ISqsTzBdgXVcuVhHt","Somos","spotify:artist:1EXjXQpDx2pROygh8zvHs4","Melendi","spotify:album:1O2K1CtGy9oNUPkmOKLnAx","Volvamos a empezar (Deluxe edition)","spotify:artist:1EXjXQpDx2pROygh8zvHs4","Melendi","2010-10-29","https://i.scdn.co/image/ab67616d0000b2737054311bb228b1a1368dc485","1","3","225760","https://p.scdn.co/mp3-preview/d649f16f25c986b502795d831558e39e3fa20baf?cid=9950ac751e34487dbbe027c4fd7f8e99","false","33","ES5151001360","spotify:user:12136711908","2026-07-24T13:20:19Z"
"spotify:track:3aCLD0IqnpnG09ZhfyUqIC","Correcaminos","spotify:artist:5sUrlPAHlS9NEirDB8SEbF, spotify:artist:5H1nN1SzW0qNeUEZvuXjAj","Alejandro Sanz, Danny Ocean","spotify:album:5URH83B2vJrrZ47uTOb3zQ","Correcaminos","spotify:artist:5sUrlPAHlS9NEirDB8SEbF, spotify:artist:5H1nN1SzW0qNeUEZvuXjAj","Alejandro Sanz, Danny Ocean","2023-03-23","https://i.scdn.co/image/ab67616d0000b273f25d38d14d828ed98b5546ae","1","1","182106","","true","57","ESUM72300491","spotify:user:12136711908","2026-07-24T13:20:19Z"
"spotify:track:6QNVyICbEc4T0awzlewp1o","Como el Agua y el Aceite","spotify:artist:1EXjXQpDx2pROygh8zvHs4","Melendi","spotify:album:2cx8aUPxZ0GvVJkJdNXeOM","Ahora","spotify:artist:1EXjXQpDx2pROygh8zvHs4","Melendi","2018-03-09","https://i.scdn.co/image/ab67616d0000b27303e608a0e5d9ade27dfa8d0c","1","11","322866","https://p.scdn.co/mp3-preview/049883601a95028ea9bdcb3803048e107ea25727?cid=9950ac751e34487dbbe027c4fd7f8e99","false","37","ES5021800010","spotify:user:12136711908","2026-07-24T13:20:19Z"
"spotify:track:2zep1MZ1FX2YO9pYemisqV","Por fin - Acústico","spotify:artist:5M9Bb4adKAgrOFOhc05Y50","Pablo Alborán","spotify:album:1cWvezm4YsxlvvOSRUXLmS","Terral","spotify:artist:5M9Bb4adKAgrOFOhc05Y50","Pablo Alborán","2014-11-10","https://i.scdn.co/image/ab67616d0000b2737e182125bce4ec18687faed1","1","16","240706","https://p.scdn.co/mp3-preview/c40a84eeefc5bc51a723a9e72b546118032dad41?cid=9950ac751e34487dbbe027c4fd7f8e99","false","42","ES5151401650","spotify:user:12136711908","2026-07-24T13:20:19Z"
"spotify:track:1GPaOD3LyQhDnjZq2wc3H4","Loco","spotify:artist:1EXjXQpDx2pROygh8zvHs4","Melendi","spotify:album:1PkZwt6uyYDzoI3N87QgDn","Mientras No Cueste Trabajo","spotify:artist:1EXjXQpDx2pROygh8zvHs4","Melendi","2006-11-13","https://i.scdn.co/image/ab67616d0000b273449b8d022d4fc6cdf252c24a","1","10","211960","https://p.scdn.co/mp3-preview/2ac770ce14653bf84ec98915815b3a5537750405?cid=9950ac751e34487dbbe027c4fd7f8e99","false","57","ES5080600750","spotify:user:12136711908","2026-07-24T13:20:19Z"
"spotify:track:6E8BCFUSDymm5PGOMAzmqA","Síndrome de Estocolmo","spotify:artist:1EXjXQpDx2pROygh8zvHs4","Melendi","spotify:album:309uagfPtaKPwlqZgH16xD","10:20:40","spotify:artist:1EXjXQpDx2pROygh8zvHs4","Melendi","2019-11-29","https://i.scdn.co/image/ab67616d0000b27347dce93683c8390a3a07b8e7","1","11","276253","https://p.scdn.co/mp3-preview/6dca1c1c2c0ea3f5d7bfe4bb9dc278ce8ea107b3?cid=9950ac751e34487dbbe027c4fd7f8e99","false","46","ES5021901633","spotify:user:12136711908","2026-07-24T13:20:19Z"
"spotify:track:34Cchc9onf9clpcqLkCl9c","Llueve","spotify:artist:1EXjXQpDx2pROygh8zvHs4","Melendi","spotify:album:1O2K1CtGy9oNUPkmOKLnAx","Volvamos a empezar (Deluxe edition)","spotify:artist:1EXjXQpDx2pROygh8zvHs4","Melendi","2010-10-29","https://i.scdn.co/image/ab67616d0000b2737054311bb228b1a1368dc485","1","2","239946","https://p.scdn.co/mp3-preview/b991b8a2fc726f7e453617d92c4c9fbbdad15cbd?cid=9950ac751e34487dbbe027c4fd7f8e99","false","49","ES5151001359","spotify:user:12136711908","2026-07-24T13:20:19Z"
"spotify:track:5oQyaI0L1kv8FwR7Q1rePb","Regálame la silla donde te esperé","spotify:artist:5sUrlPAHlS9NEirDB8SEbF","Alejandro Sanz","spotify:album:15ekeDURPa31t2v89AI8ef","Coleccion definitiva","spotify:artist:5sUrlPAHlS9NEirDB8SEbF","Alejandro Sanz","2011-11-11","https://i.scdn.co/image/ab67616d0000b2734ed0c94e579b08ef2aad81c1","1","27","290880","https://p.scdn.co/mp3-preview/c3c0213d45973d66cad9276f70b4b9c321b0fc1c?cid=9950ac751e34487dbbe027c4fd7f8e99","false","36","ES5150306005","spotify:user:12136711908","2026-07-24T13:20:19Z"
"spotify:track:0HLYWcZ9LWMqPZkDU98Rn2","He sido tan feliz contigo","spotify:artist:5sUrlPAHlS9NEirDB8SEbF","Alejandro Sanz","spotify:album:0LrZboEAS1Sfi99BbM8opK","Grandes exitos 1991-2004 (Edición especial)","spotify:artist:5sUrlPAHlS9NEirDB8SEbF","Alejandro Sanz","2004-09-23","https://i.scdn.co/image/ab67616d0000b273869f8fa97476360b18539c81","1","27","229946","https://p.scdn.co/mp3-preview/7228b550da3f7bb4756756efd23fb792db336802?cid=9950ac751e34487dbbe027c4fd7f8e99","false","40","ES5150306010","spotify:user:12136711908","2026-07-24T13:20:19Z"
"spotify:track:2UPrmPxbH1L7MTuxiDqkL8","Seremos libres - Demo","spotify:artist:5sUrlPAHlS9NEirDB8SEbF","Alejandro Sanz","spotify:album:0LrZboEAS1Sfi99BbM8opK","Grandes exitos 1991-2004 (Edición especial)","spotify:artist:5sUrlPAHlS9NEirDB8SEbF","Alejandro Sanz","2004-09-23","https://i.scdn.co/image/ab67616d0000b273869f8fa97476360b18539c81","1","34","285946","https://p.scdn.co/mp3-preview/cff32c21be5de6dd2e4a4bea09708c0c77c4a2d2?cid=9950ac751e34487dbbe027c4fd7f8e99","false","16","ES5150406015","spotify:user:12136711908","2026-07-24T13:20:19Z"
"spotify:track:1czSWTMnwOGXLmDHq3Zm1Q","Canción de amor para olvidarte","spotify:artist:5sUrlPAHlS9NEirDB8SEbF","Alejandro Sanz","spotify:album:0LrZboEAS1Sfi99BbM8opK","Grandes exitos 1991-2004 (Edición especial)","spotify:artist:5sUrlPAHlS9NEirDB8SEbF","Alejandro Sanz","2004-09-23","https://i.scdn.co/image/ab67616d0000b273869f8fa97476360b18539c81","1","43","315853","https://p.scdn.co/mp3-preview/25f318164ffae435113935dea8451c5c699ffc7f?cid=9950ac751e34487dbbe027c4fd7f8e99","false","21","ES5150406017","spotify:user:12136711908","2026-07-24T13:20:19Z"
"spotify:track:4gScuGU2NeOjmIbdJG2Sgg","Quiero Ser Feliz","spotify:artist:1EXjXQpDx2pROygh8zvHs4","Melendi","spotify:album:5s73LJC9BBXBRaGhrcvnlV","Mientras No Cueste Más Trabajo","spotify:artist:1EXjXQpDx2pROygh8zvHs4","Melendi","2007-09-28","https://i.scdn.co/image/ab67616d0000b273ca20e8a3ce011ab6fce4377c","1","5","219280","https://p.scdn.co/mp3-preview/357360f51b96e38b51a8fe8dd0a183641c9c71d5?cid=9950ac751e34487dbbe027c4fd7f8e99","false","40","ES5080600745","spotify:user:12136711908","2026-07-24T13:20:19Z"
"spotify:track:2P8NagN2tEzXRIufGuUPZO","El Ciego","spotify:artist:1EXjXQpDx2pROygh8zvHs4, spotify:artist:5DUlefCLzVRzNWaNURTFpK","Melendi, Cali Y El Dandee","spotify:album:2ZoxTmTyn9L4NGZ5Amms4q","El Ciego","spotify:artist:1EXjXQpDx2pROygh8zvHs4, spotify:artist:5DUlefCLzVRzNWaNURTFpK","Melendi, Cali Y El Dandee","2019-10-18","https://i.scdn.co/image/ab67616d0000b2733ca0b4bccd32847978c6406a","1","1","170739","https://p.scdn.co/mp3-preview/dda1c7884fbccbf4a5e99f1defccb3ba613dcf95?cid=9950ac751e34487dbbe027c4fd7f8e99","false","39","ES5021901594","spotify:user:12136711908","2026-07-24T13:20:19Z"
"spotify:track:0zReKvhN2DogqRE5GyvIhT","Ni Error Ni Tontería","spotify:artist:1EXjXQpDx2pROygh8zvHs4","Melendi","spotify:album:309uagfPtaKPwlqZgH16xD","10:20:40","spotify:artist:1EXjXQpDx2pROygh8zvHs4","Melendi","2019-11-29","https://i.scdn.co/image/ab67616d0000b27347dce93683c8390a3a07b8e7","1","10","182773","https://p.scdn.co/mp3-preview/501a2ced1b57bfe14f26180556facef328e83383?cid=9950ac751e34487dbbe027c4fd7f8e99","false","44","ES5021901632","spotify:user:12136711908","2026-07-24T13:20:19Z"
"spotify:track:7C2cInZfZNSilcTDAP5yll","Más allá de nuestros recuerdos","spotify:artist:1EXjXQpDx2pROygh8zvHs4","Melendi","spotify:album:4ZkaJeOjMZh4M8o8wZM6fJ","Yo me veo contigo","spotify:artist:1EXjXQpDx2pROygh8zvHs4","Melendi","2017-12-08","https://i.scdn.co/image/ab67616d0000b2730a13fb9b2b0cd1e20f66fb98","1","58","222423","https://p.scdn.co/mp3-preview/e507611a5d86e0b41fb9d01160b0146da78b1b81?cid=9950ac751e34487dbbe027c4fd7f8e99","false","50","ES5151402754","spotify:user:12136711908","2026-07-24T13:20:19Z"
"spotify:track:29Dp8pNy6lyfS45DttlDMS","El Invisible (feat. Melendi) - Versión Acústica","spotify:artist:0h1zs4CTlU9D2QtgPxptUD, spotify:artist:1EXjXQpDx2pROygh8zvHs4","Ricardo Arjona, Melendi","spotify:album:4VQapZIWdrrXDMCJw0zZCT","Covers, Demos y Otras Travesuras de Blanco","spotify:artist:0h1zs4CTlU9D2QtgPxptUD","Ricardo Arjona","2021-02-12","https://i.scdn.co/image/ab67616d0000b273d517c65263f230f62b6f5bcc","1","10","235065","https://p.scdn.co/mp3-preview/29e2c7eaff574b019e630e1cd113692ea8503df5?cid=9950ac751e34487dbbe027c4fd7f8e99","false","0","QMA2T2000725","spotify:user:12136711908","2026-07-24T13:20:19Z"
"spotify:track:0XJAzR3E4lq5aNGGDh8HUT","Con La Luna Llena","spotify:artist:1EXjXQpDx2pROygh8zvHs4, spotify:artist:7qAoXV4U0qDxQAUqhszjAA","Melendi, Manuel Carrasco","spotify:album:3rlMWZvEiBGRk2Fmi7sv1T","Con La Luna Llena","spotify:artist:1EXjXQpDx2pROygh8zvHs4, spotify:artist:7qAoXV4U0qDxQAUqhszjAA","Melendi, Manuel Carrasco","2023-09-08","https://i.scdn.co/image/ab67616d0000b273f790d3848c38dbe1faede128","1","1","214914","https://p.scdn.co/mp3-preview/24c6286693432236d0656e48d73929c67ab8cc77?cid=9950ac751e34487dbbe027c4fd7f8e99","false","54","ES5022302213","spotify:user:12136711908","2026-07-24T13:20:19Z"
"spotify:track:5X7zViJE5FvOZ8vhcVk1NV","El Nano","spotify:artist:1EXjXQpDx2pROygh8zvHs4","Melendi","spotify:album:2YixOKvRuqrbJgbvvpbDmH","El Nano","spotify:artist:1EXjXQpDx2pROygh8zvHs4","Melendi","2008-02-29","https://i.scdn.co/image/ab67616d0000b273a51e56a5d447aeb4261cf291","1","1","169160","https://p.scdn.co/mp3-preview/e89e06f899e29a944e1d975342bf412fdabfa6b3?cid=9950ac751e34487dbbe027c4fd7f8e99","false","51","ES7490800002","spotify:user:12136711908","2026-07-24T13:20:19Z"
"spotify:track:3j8fVtBlQXF769KR3Imjx3","De bar en peor","spotify:artist:1EXjXQpDx2pROygh8zvHs4","Melendi","spotify:album:5s73LJC9BBXBRaGhrcvnlV","Mientras No Cueste Más Trabajo","spotify:artist:1EXjXQpDx2pROygh8zvHs4","Melendi","2007-09-28","https://i.scdn.co/image/ab67616d0000b273ca20e8a3ce011ab6fce4377c","1","14","208786","https://p.scdn.co/mp3-preview/704d6f5e10502d8c11e6959e848e9b52f0bbeca0?cid=9950ac751e34487dbbe027c4fd7f8e99","false","45","ES5080600788","spotify:user:12136711908","2026-07-24T13:20:19Z"
"spotify:track:6h0lEWVG1l0JREtcY5CPo3","Violeta","spotify:artist:1EXjXQpDx2pROygh8zvHs4","Melendi","spotify:album:450aVb02CfLVugPpSjUlWO","Likes y Cicatrices","spotify:artist:1EXjXQpDx2pROygh8zvHs4","Melendi","2021-11-05","https://i.scdn.co/image/ab67616d0000b2735f9894c4e4c5ee8f8f968512","1","9","212186","https://p.scdn.co/mp3-preview/598dd67eb62a8749a685770f1c05fadfa10fde72?cid=9950ac751e34487dbbe027c4fd7f8e99","false","44","ES5022101616","spotify:user:12136711908","2026-07-24T13:20:19Z"
"spotify:track:0yO9fh2bxn2H1VUap27i8Y","Me Sumerjo","spotify:artist:5sUrlPAHlS9NEirDB8SEbF","Alejandro Sanz","spotify:album:5O5LrflUeCNwNAsCQ5o0jk","La Música No Se Toca (Deluxe)","spotify:artist:5sUrlPAHlS9NEirDB8SEbF","Alejandro Sanz","2012-01-01","https://i.scdn.co/image/ab67616d0000b27397d69419b14a137460476d41","1","12","226546","","false","40","ES5701201054","spotify:user:12136711908","2026-07-24T13:20:19Z"
"spotify:track:0tdLkrS6dXSs88t2Jc9yPO","Corazón de peón","spotify:artist:1EXjXQpDx2pROygh8zvHs4","Melendi","spotify:album:1O2K1CtGy9oNUPkmOKLnAx","Volvamos a empezar (Deluxe edition)","spotify:artist:1EXjXQpDx2pROygh8zvHs4","Melendi","2010-10-29","https://i.scdn.co/image/ab67616d0000b2737054311bb228b1a1368dc485","1","11","233426","https://p.scdn.co/mp3-preview/b78379a3cbb367c1fb8c70383676da03961d3d2f?cid=9950ac751e34487dbbe027c4fd7f8e99","false","35","ES5151001368","spotify:user:12136711908","2026-07-24T13:20:19Z"
"spotify:track:5uZmP15PFsCHbOeGuRe3vp","Sé lo Que Hicisteis (feat. Natos y Waor)","spotify:artist:1EXjXQpDx2pROygh8zvHs4, spotify:artist:1QJbbsxg2wqidJj51d3otw","Melendi, Natos y Waor","spotify:album:78ojqAc1NYNqTbYTfawwZ6","20 Años Sin Noticias","spotify:artist:1EXjXQpDx2pROygh8zvHs4","Melendi","2023-11-10","https://i.scdn.co/image/ab67616d0000b273c0ddd09870ba6044ca8f8e11","1","6","209265","https://p.scdn.co/mp3-preview/6c8f64770e4e76bf1d4969e82422a76c32c8f72a?cid=9950ac751e34487dbbe027c4fd7f8e99","false","47","ES5022302457","spotify:user:12136711908","2026-07-24T13:20:19Z"
"spotify:track:6trImBvheJo66wKPja8sF3","La aceituna","spotify:artist:1EXjXQpDx2pROygh8zvHs4","Melendi","spotify:album:4ZkaJeOjMZh4M8o8wZM6fJ","Yo me veo contigo","spotify:artist:1EXjXQpDx2pROygh8zvHs4","Melendi","2017-12-08","https://i.scdn.co/image/ab67616d0000b2730a13fb9b2b0cd1e20f66fb98","1","48","238786","https://p.scdn.co/mp3-preview/8495c1987805520944e12bc29df3636652925e8b?cid=9950ac751e34487dbbe027c4fd7f8e99","false","23","ES5080700463","spotify:user:12136711908","2026-07-24T13:20:19Z"
"spotify:track:77glBmeDckYel7MhSnUOKA","El parto","spotify:artist:1EXjXQpDx2pROygh8zvHs4","Melendi","spotify:album:1O2K1CtGy9oNUPkmOKLnAx","Volvamos a empezar (Deluxe edition)","spotify:artist:1EXjXQpDx2pROygh8zvHs4","Melendi","2010-10-29","https://i.scdn.co/image/ab67616d0000b2737054311bb228b1a1368dc485","1","10","224186","https://p.scdn.co/mp3-preview/0bd823c0403928662fc9310ba1b0a896f94ac050?cid=9950ac751e34487dbbe027c4fd7f8e99","false","47","ES5151001367","spotify:user:12136711908","2026-07-24T13:20:19Z"
"spotify:track:0SVc7Ceik5H8QceiF0wkiG","Nena","spotify:artist:5sUrlPAHlS9NEirDB8SEbF","Alejandro Sanz","spotify:album:5O5LrflUeCNwNAsCQ5o0jk","La Música No Se Toca (Deluxe)","spotify:artist:5sUrlPAHlS9NEirDB8SEbF","Alejandro Sanz","2012-01-01","https://i.scdn.co/image/ab67616d0000b27397d69419b14a137460476d41","1","10","253573","","false","41","ES5701201052","spotify:user:12136711908","2026-07-24T13:20:19Z"
"spotify:track:05rGZI9wkEPOqa7olAhCOz","Bailo Con Vos","spotify:artist:5sUrlPAHlS9NEirDB8SEbF","Alejandro Sanz","spotify:album:5O5LrflUeCNwNAsCQ5o0jk","La Música No Se Toca (Deluxe)","spotify:artist:5sUrlPAHlS9NEirDB8SEbF","Alejandro Sanz","2012-01-01","https://i.scdn.co/image/ab67616d0000b27397d69419b14a137460476d41","1","11","207320","","false","34","ES5701201053","spotify:user:12136711908","2026-07-24T13:20:19Z"
"spotify:track:0C4QwAJGhXgSouYiqZx06t","Hablando En Plata","spotify:artist:1EXjXQpDx2pROygh8zvHs4, spotify:artist:3iY9PS7LxPnCVcCP7BjJOK","Melendi, Hens","spotify:album:78ojqAc1NYNqTbYTfawwZ6","20 Años Sin Noticias","spotify:artist:1EXjXQpDx2pROygh8zvHs4","Melendi","2023-11-10","https://i.scdn.co/image/ab67616d0000b273c0ddd09870ba6044ca8f8e11","1","2","188345","https://p.scdn.co/mp3-preview/d4bf115761398d9d82706a901cd23a87842b8197?cid=9950ac751e34487dbbe027c4fd7f8e99","false","46","ES5022302372","spotify:user:12136711908","2026-07-24T13:20:19Z"
"spotify:track:7vMzQQJ0FH3PAXheQmGyaU","Sin Noticias de Holanda","spotify:artist:1EXjXQpDx2pROygh8zvHs4, spotify:artist:1nwjHzOUQZsNYX8xoWiGVC","Melendi, Funzo & Baby Loud","spotify:album:78ojqAc1NYNqTbYTfawwZ6","20 Años Sin Noticias","spotify:artist:1EXjXQpDx2pROygh8zvHs4","Melendi","2023-11-10","https://i.scdn.co/image/ab67616d0000b273c0ddd09870ba6044ca8f8e11","1","4","217032","https://p.scdn.co/mp3-preview/8f8ce114ad820324628cae1fd90cbda99f263f9c?cid=9950ac751e34487dbbe027c4fd7f8e99","false","48","ES5022302455","spotify:user:12136711908","2026-07-24T13:20:19Z"
"spotify:track:4iskWE07q2ePwxiXE01w74","Un Recuerdo Que Olvidar","spotify:artist:1EXjXQpDx2pROygh8zvHs4, spotify:artist:40Ippe6JeofRURQ4nbF8DT","Melendi, Taburete","spotify:album:78ojqAc1NYNqTbYTfawwZ6","20 Años Sin Noticias","spotify:artist:1EXjXQpDx2pROygh8zvHs4","Melendi","2023-11-10","https://i.scdn.co/image/ab67616d0000b273c0ddd09870ba6044ca8f8e11","1","8","174416","https://p.scdn.co/mp3-preview/75bd101a12a56888ebaf3b367b44ca1a84304808?cid=9950ac751e34487dbbe027c4fd7f8e99","false","49","ES5022302459","spotify:user:12136711908","2026-07-24T13:20:19Z"
"spotify:track:0TD1U0E9RrfLWHknE1BEBy","Mi Rumbita Pa´ Tus Pies","spotify:artist:1EXjXQpDx2pROygh8zvHs4, spotify:artist:7D62OQfwvslnxJn9DkZm2F","Melendi, Pole.","spotify:album:78ojqAc1NYNqTbYTfawwZ6","20 Años Sin Noticias","spotify:artist:1EXjXQpDx2pROygh8zvHs4","Melendi","2023-11-10","https://i.scdn.co/image/ab67616d0000b273c0ddd09870ba6044ca8f8e11","1","9","199847","https://p.scdn.co/mp3-preview/38e5d522a1c6cb655c6c5b036a6de90a041cf346?cid=9950ac751e34487dbbe027c4fd7f8e99","false","39","ES5022302460","spotify:user:12136711908","2026-07-24T13:20:19Z"
"spotify:track:3jCCvNvtrjMmKayJ0W1vTO","Vuelvo a Traficar","spotify:artist:1EXjXQpDx2pROygh8zvHs4","Melendi","spotify:album:78ojqAc1NYNqTbYTfawwZ6","20 Años Sin Noticias","spotify:artist:1EXjXQpDx2pROygh8zvHs4","Melendi","2023-11-10","https://i.scdn.co/image/ab67616d0000b273c0ddd09870ba6044ca8f8e11","1","12","223524","https://p.scdn.co/mp3-preview/aa821dc0ab694a27c59d896c75e2d74206358871?cid=9950ac751e34487dbbe027c4fd7f8e99","false","36","ES5022302463","spotify:user:12136711908","2026-07-24T13:20:19Z"
"spotify:track:2CNzqR80RUQqgxUmwPN8eJ","Una Historia de Tantas","spotify:artist:1EXjXQpDx2pROygh8zvHs4","Melendi","spotify:album:78ojqAc1NYNqTbYTfawwZ6","20 Años Sin Noticias","spotify:artist:1EXjXQpDx2pROygh8zvHs4","Melendi","2023-11-10","https://i.scdn.co/image/ab67616d0000b273c0ddd09870ba6044ca8f8e11","1","14","223872","https://p.scdn.co/mp3-preview/e299104e88115330e1db9f34efc7e57d1554a4f8?cid=9950ac751e34487dbbe027c4fd7f8e99","false","34","ES5022302465","spotify:user:12136711908","2026-07-24T13:20:19Z"
"spotify:track:2u3z6fCb4C7i1uOzYo7OBm","Contando Primaveras - 2006 Remastered Version","spotify:artist:1EXjXQpDx2pROygh8zvHs4","Melendi","spotify:album:3iQWCOqfiOEh5bXqbGD9oB","Sin Noticias De Holanda","spotify:artist:1EXjXQpDx2pROygh8zvHs4","Melendi","2006-07-14","https://i.scdn.co/image/ab67616d0000b27352ce1370223e498d7da83dfe","1","11","191600","https://p.scdn.co/mp3-preview/a80fd55416344ada0af0bcc561429c21acbc31a5?cid=9950ac751e34487dbbe027c4fd7f8e99","false","39","ES5080600394","spotify:user:12136711908","2026-07-24T13:20:19Z"
"spotify:track:5jwyM0a0Na89a0EfYMih4N","Arriba Extremoduro","spotify:artist:1EXjXQpDx2pROygh8zvHs4","Melendi","spotify:album:1PkZwt6uyYDzoI3N87QgDn","Mientras No Cueste Trabajo","spotify:artist:1EXjXQpDx2pROygh8zvHs4","Melendi","2006-11-13","https://i.scdn.co/image/ab67616d0000b273449b8d022d4fc6cdf252c24a","1","12","191240","https://p.scdn.co/mp3-preview/35894bccb436c98d9e5f9180843af15c2c889c3d?cid=9950ac751e34487dbbe027c4fd7f8e99","false","57","ES5080600752","spotify:user:12136711908","2026-07-24T13:20:19Z"
"spotify:track:5MMEQLCzl9GsknyH42xFOX","Palmeras en el jardín","spotify:artist:5sUrlPAHlS9NEirDB8SEbF","Alejandro Sanz","spotify:album:0Y5U0InXzziIx7YlinkuVX","Palmeras en el jardín","spotify:artist:5sUrlPAHlS9NEirDB8SEbF","Alejandro Sanz","2024-10-25","https://i.scdn.co/image/ab67616d0000b273dee47b69136322982f44223d","1","1","180725","https://p.scdn.co/mp3-preview/21a68597d39409aefb8555cb8c744f1dc4b05d62?cid=9950ac751e34487dbbe027c4fd7f8e99","false","53","ES5022401560","spotify:user:12136711908","2026-07-24T13:20:19Z"
"spotify:track:2NzSDqHHb0yJs56GKi6ZeS","Tu letra podré acariciar - Acústica","spotify:artist:5sUrlPAHlS9NEirDB8SEbF","Alejandro Sanz","spotify:album:33SeVIcoXAiWcqGhQaEZFF","Basico","spotify:artist:5sUrlPAHlS9NEirDB8SEbF","Alejandro Sanz","1994-11-18","https://i.scdn.co/image/ab67616d0000b273e74547d11b7ef3a87a0c8681","1","7","210973","https://p.scdn.co/mp3-preview/bf8b55620d9acb2c4fd2d6eabf92d82a738437da?cid=9950ac751e34487dbbe027c4fd7f8e99","false","34","ES5159306114","spotify:user:12136711908","2026-07-24T13:20:19Z"
"spotify:track:5pUJb4zaVlJpP7xpFBeqwi","Si hay Dios...","spotify:artist:5sUrlPAHlS9NEirDB8SEbF","Alejandro Sanz","spotify:album:3MfNbOJuFb5H4CjrT49oiI","Más","spotify:artist:5sUrlPAHlS9NEirDB8SEbF","Alejandro Sanz","1997","https://i.scdn.co/image/ab67616d0000b273f4b093df6b9dccc604ab9155","1","9","330960","https://p.scdn.co/mp3-preview/9d41bcbdf90f2ea2c7672e9f99772252e313cafc?cid=9950ac751e34487dbbe027c4fd7f8e99","false","61","ES5159706051","spotify:user:12136711908","2026-07-24T13:20:19Z"
"spotify:track:3C6jvOgxOAf7H1UZ8CoGDi","Curiosa la cara de tu padre","spotify:artist:1EXjXQpDx2pROygh8zvHs4","Melendi","spotify:album:3dqitbJXkuv1S0WE0xF2L1","Aún Más Curiosa La Cara De Tu Padre","spotify:artist:1EXjXQpDx2pROygh8zvHs4","Melendi","2009-03-24","https://i.scdn.co/image/ab67616d0000b2735eaab26174e72e7c8e5311c7","1","11","211760","https://p.scdn.co/mp3-preview/c072e44f46a05d601cc4a9e017660c9f58077fa2?cid=9950ac751e34487dbbe027c4fd7f8e99","false","40","ESD010800126","spotify:user:12136711908","2026-07-24T13:20:19Z"
"spotify:track:6XaRWajtL1AVTyy8bEldkS","Como Se Bailan Los Tangos","spotify:artist:1EXjXQpDx2pROygh8zvHs4","Melendi","spotify:album:1nRo70xzejpUW36UNp0ZF8","Que El Cielo Espere Sentao..","spotify:artist:1EXjXQpDx2pROygh8zvHs4","Melendi","2005","https://i.scdn.co/image/ab67616d0000b273fdf0ca257453adac7d1167b2","1","8","188786","https://p.scdn.co/mp3-preview/de792dc3b05b1dca74c0326b3545e0ce6cf73130?cid=9950ac751e34487dbbe027c4fd7f8e99","false","41","ES5080600441","spotify:user:12136711908","2026-07-24T13:20:19Z"
"spotify:track:2g4qUgRw44NUBSdoy8BPd5","Por Que tu No Eres Un Coche","spotify:artist:1EXjXQpDx2pROygh8zvHs4","Melendi","spotify:album:5s73LJC9BBXBRaGhrcvnlV","Mientras No Cueste Más Trabajo","spotify:artist:1EXjXQpDx2pROygh8zvHs4","Melendi","2007-09-28","https://i.scdn.co/image/ab67616d0000b273ca20e8a3ce011ab6fce4377c","1","9","221026","https://p.scdn.co/mp3-preview/9a1fff784080a3c9cd60342e82d3d3a3e7893f8b?cid=9950ac751e34487dbbe027c4fd7f8e99","false","28","ES5080600749","spotify:user:12136711908","2026-07-24T13:20:19Z"
"spotify:track:2YZCye4raoPjm7uS10llRa","Piratas del bar Caribe","spotify:artist:1EXjXQpDx2pROygh8zvHs4","Melendi","spotify:album:3dqitbJXkuv1S0WE0xF2L1","Aún Más Curiosa La Cara De Tu Padre","spotify:artist:1EXjXQpDx2pROygh8zvHs4","Melendi","2009-03-24","https://i.scdn.co/image/ab67616d0000b2735eaab26174e72e7c8e5311c7","1","4","244720","https://p.scdn.co/mp3-preview/530d84dacb089977c1b02d840e7f1eaa096a9c30?cid=9950ac751e34487dbbe027c4fd7f8e99","false","39","ESD010800118","spotify:user:12136711908","2026-07-24T13:20:19Z"
"spotify:track:6mXHxE2BEafOgdWoFvc6mF","A la primera persona","spotify:artist:5sUrlPAHlS9NEirDB8SEbF","Alejandro Sanz","spotify:album:15ekeDURPa31t2v89AI8ef","Coleccion definitiva","spotify:artist:5sUrlPAHlS9NEirDB8SEbF","Alejandro Sanz","2011-11-11","https://i.scdn.co/image/ab67616d0000b2734ed0c94e579b08ef2aad81c1","1","17","301933","https://p.scdn.co/mp3-preview/d04920a7318c8d3b06b5c2588ca7b3619f4655da?cid=9950ac751e34487dbbe027c4fd7f8e99","false","53","ES5150606044","spotify:user:12136711908","2026-07-24T13:20:19Z"
"spotify:track:5wlw3Vqvul9pfuMRqy10pC","Yo Te Traigo...20 Años","spotify:artist:5sUrlPAHlS9NEirDB8SEbF","Alejandro Sanz","spotify:album:5O5LrflUeCNwNAsCQ5o0jk","La Música No Se Toca (Deluxe)","spotify:artist:5sUrlPAHlS9NEirDB8SEbF","Alejandro Sanz","2012-01-01","https://i.scdn.co/image/ab67616d0000b27397d69419b14a137460476d41","1","2","221480","","false","45","ES5701201045","spotify:user:12136711908","2026-07-24T13:20:19Z"
"spotify:track:5Ryks0AtWE8gQvksEHv30J","Un charquito de estrellas","spotify:artist:5sUrlPAHlS9NEirDB8SEbF","Alejandro Sanz","spotify:album:3MfNbOJuFb5H4CjrT49oiI","Más","spotify:artist:5sUrlPAHlS9NEirDB8SEbF","Alejandro Sanz","1997","https://i.scdn.co/image/ab67616d0000b273f4b093df6b9dccc604ab9155","1","7","294320","https://p.scdn.co/mp3-preview/cb44d6c52f1bf59f9ebdf91dd8bbdcf020fbdc83?cid=9950ac751e34487dbbe027c4fd7f8e99","false","51","ES5159706049","spotify:user:12136711908","2026-07-24T13:20:19Z"
"spotify:track:4dIiCyt8PKKKG57XgYV2cE","Hice llorar hasta los ángeles","spotify:artist:5sUrlPAHlS9NEirDB8SEbF","Alejandro Sanz","spotify:album:0WSmZjtSlfaMoJjrhj7R7z","Paraíso Express","spotify:artist:5sUrlPAHlS9NEirDB8SEbF","Alejandro Sanz","2009-11-10","https://i.scdn.co/image/ab67616d0000b27385427661682e66a197f951d1","1","4","249800","https://p.scdn.co/mp3-preview/2b63fb2ce98f78d0deb66a875ae2ae1e13766545?cid=9950ac751e34487dbbe027c4fd7f8e99","false","37","ES5150901156","spotify:user:12136711908","2026-07-24T13:20:19Z"
"spotify:track:1XeGgfjqCppvYGFFSWlfur","Se Vende","spotify:artist:5sUrlPAHlS9NEirDB8SEbF","Alejandro Sanz","spotify:album:5O5LrflUeCNwNAsCQ5o0jk","La Música No Se Toca (Deluxe)","spotify:artist:5sUrlPAHlS9NEirDB8SEbF","Alejandro Sanz","2012-01-01","https://i.scdn.co/image/ab67616d0000b27397d69419b14a137460476d41","1","7","231746","","false","41","ES5701201049","spotify:user:12136711908","2026-07-24T13:20:19Z"
"spotify:track:6ET2wJuNUZMhZNwdcI2eLC","A Mí No Me Importa","spotify:artist:5sUrlPAHlS9NEirDB8SEbF","Alejandro Sanz","spotify:album:3yLDXQ4DGUeDmaWxQTdbhc","Sirope","spotify:artist:5sUrlPAHlS9NEirDB8SEbF","Alejandro Sanz","2015-05-04","https://i.scdn.co/image/ab67616d0000b273ee84e0e348d4a5ca63e308ae","1","1","189515","","false","32","ES5701500137","spotify:user:12136711908","2026-07-24T13:20:19Z"
"spotify:track:7q1Nzn8DGbAvMVITfA30Ah","Duelo al amanecer","spotify:artist:5sUrlPAHlS9NEirDB8SEbF","Alejandro Sanz","spotify:album:2yfm8Icbo9F9BDrsGamjBd","Viviendo deprisa","spotify:artist:5sUrlPAHlS9NEirDB8SEbF","Alejandro Sanz","1991-08-20","https://i.scdn.co/image/ab67616d0000b273de2389c54949f4805244564c","1","7","213200","https://p.scdn.co/mp3-preview/d3323b0a41aaf36b358ee9b14f4492ba3575e405?cid=9950ac751e34487dbbe027c4fd7f8e99","false","34","ES5159106020","spotify:user:12136711908","2026-07-24T13:20:19Z"
"spotify:track:5Sr7fgnUCQyv89lpnsOhBF","Los Premios Pinocho","spotify:artist:1EXjXQpDx2pROygh8zvHs4","Melendi","spotify:album:3dqitbJXkuv1S0WE0xF2L1","Aún Más Curiosa La Cara De Tu Padre","spotify:artist:1EXjXQpDx2pROygh8zvHs4","Melendi","2009-03-24","https://i.scdn.co/image/ab67616d0000b2735eaab26174e72e7c8e5311c7","1","12","227920","https://p.scdn.co/mp3-preview/c5f3df93f415e025e5fa7d76105a33dc88d3f4ca?cid=9950ac751e34487dbbe027c4fd7f8e99","false","31","ESD010800125","spotify:user:12136711908","2026-07-24T13:20:19Z"
"spotify:track:0SKqL1RVYCRhvoJw16T1Vi","Volvamos a empezar","spotify:artist:1EXjXQpDx2pROygh8zvHs4","Melendi","spotify:album:1O2K1CtGy9oNUPkmOKLnAx","Volvamos a empezar (Deluxe edition)","spotify:artist:1EXjXQpDx2pROygh8zvHs4","Melendi","2010-10-29","https://i.scdn.co/image/ab67616d0000b2737054311bb228b1a1368dc485","1","4","235573","https://p.scdn.co/mp3-preview/9559c0e71b840f4329c9180de952d4b142245fe5?cid=9950ac751e34487dbbe027c4fd7f8e99","false","36","ES5151001361","spotify:user:12136711908","2026-07-24T13:20:19Z"
"spotify:track:0pmc672KzNCxEwkxiqhhyM","Perdóname ángel","spotify:artist:1EXjXQpDx2pROygh8zvHs4","Melendi","spotify:album:4ZkaJeOjMZh4M8o8wZM6fJ","Yo me veo contigo","spotify:artist:1EXjXQpDx2pROygh8zvHs4","Melendi","2017-12-08","https://i.scdn.co/image/ab67616d0000b2730a13fb9b2b0cd1e20f66fb98","1","18","248720","https://p.scdn.co/mp3-preview/f8a8ef042b5d7f3d2ecb408a3d9efa822d7561c8?cid=9950ac751e34487dbbe027c4fd7f8e99","false","24","ES5151001366","spotify:user:12136711908","2026-07-24T13:20:19Z"
"spotify:track:0tYZ7gf6OlRF30yAjgEH0p","Aprendiz de caballero","spotify:artist:1EXjXQpDx2pROygh8zvHs4","Melendi","spotify:album:4ZkaJeOjMZh4M8o8wZM6fJ","Yo me veo contigo","spotify:artist:1EXjXQpDx2pROygh8zvHs4","Melendi","2017-12-08","https://i.scdn.co/image/ab67616d0000b2730a13fb9b2b0cd1e20f66fb98","1","26","243600","https://p.scdn.co/mp3-preview/44605be7d60bea5d7faa96e388cb4ae7be8fc1cc?cid=9950ac751e34487dbbe027c4fd7f8e99","false","27","ES5151201512","spotify:user:12136711908","2026-07-24T13:20:19Z"
"spotify:track:5siSp1ocNhmG1CqojBZvBi","Firmes - Remastered","spotify:artist:1EXjXQpDx2pROygh8zvHs4","Melendi","spotify:album:4ZkaJeOjMZh4M8o8wZM6fJ","Yo me veo contigo","spotify:artist:1EXjXQpDx2pROygh8zvHs4","Melendi","2017-12-08","https://i.scdn.co/image/ab67616d0000b2730a13fb9b2b0cd1e20f66fb98","1","46","232666","https://p.scdn.co/mp3-preview/07b25fe2e0e5c8a2585614dc3119c721728131e8?cid=9950ac751e34487dbbe027c4fd7f8e99","false","19","ES5080700541","spotify:user:12136711908","2026-07-24T13:20:19Z"
"spotify:track:41cMFDSwjlBJS3CuAx0Bjq","Zoociedad","spotify:artist:1EXjXQpDx2pROygh8zvHs4","Melendi","spotify:album:5s73LJC9BBXBRaGhrcvnlV","Mientras No Cueste Más Trabajo","spotify:artist:1EXjXQpDx2pROygh8zvHs4","Melendi","2007-09-28","https://i.scdn.co/image/ab67616d0000b273ca20e8a3ce011ab6fce4377c","1","15","177600","https://p.scdn.co/mp3-preview/4a8d4fb3a17a5cd2da8305c8c9b9146097949b36?cid=9950ac751e34487dbbe027c4fd7f8e99","false","37","ES5080600789","spotify:user:12136711908","2026-07-24T13:20:19Z"
"spotify:track:52sNO1tgDj3zeDCqSYJLxX","Vampiresa","spotify:artist:1EXjXQpDx2pROygh8zvHs4","Melendi","spotify:album:3dqitbJXkuv1S0WE0xF2L1","Aún Más Curiosa La Cara De Tu Padre","spotify:artist:1EXjXQpDx2pROygh8zvHs4","Melendi","2009-03-24","https://i.scdn.co/image/ab67616d0000b2735eaab26174e72e7c8e5311c7","2","1","205720","https://p.scdn.co/mp3-preview/b02ed5b9d72060d0c146658fe0874f3c8cf996fb?cid=9950ac751e34487dbbe027c4fd7f8e99","false","40","ESD010800115","spotify:user:12136711908","2026-07-24T13:20:19Z"
"spotify:track:2IY9szT8CaH6jJEPq0AS4f","Cannabis","spotify:artist:1EXjXQpDx2pROygh8zvHs4","Melendi","spotify:album:1nRo70xzejpUW36UNp0ZF8","Que El Cielo Espere Sentao..","spotify:artist:1EXjXQpDx2pROygh8zvHs4","Melendi","2005","https://i.scdn.co/image/ab67616d0000b273fdf0ca257453adac7d1167b2","1","11","190346","https://p.scdn.co/mp3-preview/1ba8eff99c96cb111a5d6692442e239600ab4eb0?cid=9950ac751e34487dbbe027c4fd7f8e99","false","39","ES5080600404","spotify:user:12136711908","2026-07-24T13:20:19Z"
"spotify:track:5xKUXB7fsIEpDYc6mBfSwT","Hoy no me siento bien","spotify:artist:5sUrlPAHlS9NEirDB8SEbF, spotify:artist:6XkjpgcEsYab502Vr1bBeW","Alejandro Sanz, Grupo Frontera","spotify:album:10x06vQjH3rh2JGETxzRZD","Hoy no me siento bien","spotify:artist:5sUrlPAHlS9NEirDB8SEbF, spotify:artist:6XkjpgcEsYab502Vr1bBeW","Alejandro Sanz, Grupo Frontera","2025-01-24","https://i.scdn.co/image/ab67616d0000b273850e42bc3afd05d462add79f","1","1","153709","https://p.scdn.co/mp3-preview/84bf94faa4251911cf99024e939381b56a8cef88?cid=9950ac751e34487dbbe027c4fd7f8e99","false","65","ES5022401981","spotify:user:12136711908","2026-07-24T13:20:19Z"
"spotify:track:6KxI6NASKcMLfX6Hgr2F7p","CLICKBAIT","spotify:artist:5M9Bb4adKAgrOFOhc05Y50","Pablo Alborán","spotify:album:6E3B8nI1boK9d7aFHUohWP","CLICKBAIT","spotify:artist:5M9Bb4adKAgrOFOhc05Y50","Pablo Alborán","2025-03-26","https://i.scdn.co/image/ab67616d0000b27312d83acd5ddb8e57986aacd7","1","1","160431","https://p.scdn.co/mp3-preview/3af771e0f09847fbb44483bcb9222ffcb770d6c4?cid=9950ac751e34487dbbe027c4fd7f8e99","false","47","ES5152500334","spotify:user:12136711908","2026-07-24T13:20:19Z"
"spotify:track:4gcTmo4tIo9N1pnwqwhQI0","Moratalá - 2006 Remastered Version","spotify:artist:1EXjXQpDx2pROygh8zvHs4","Melendi","spotify:album:3iQWCOqfiOEh5bXqbGD9oB","Sin Noticias De Holanda","spotify:artist:1EXjXQpDx2pROygh8zvHs4","Melendi","2006-07-14","https://i.scdn.co/image/ab67616d0000b27352ce1370223e498d7da83dfe","1","13","258466","https://p.scdn.co/mp3-preview/19399893a4fe01e9ab6cefc23511edd130315b4b?cid=9950ac751e34487dbbe027c4fd7f8e99","false","41","ES5080600396","spotify:user:12136711908","2026-07-24T13:20:19Z"
"spotify:track:2O8Fwuyelwy6FDnVjHeUOe","Completamente loca","spotify:artist:5sUrlPAHlS9NEirDB8SEbF","Alejandro Sanz","spotify:album:2yfm8Icbo9F9BDrsGamjBd","Viviendo deprisa","spotify:artist:5sUrlPAHlS9NEirDB8SEbF","Alejandro Sanz","1991-08-20","https://i.scdn.co/image/ab67616d0000b273de2389c54949f4805244564c","1","8","213893","https://p.scdn.co/mp3-preview/ce8b3024ebd01739103da67570febb932ac1bfc9?cid=9950ac751e34487dbbe027c4fd7f8e99","false","37","ES5159106021","spotify:user:12136711908","2026-07-24T13:20:19Z"
"spotify:track:4fc0TdAmCUz0iccquLp3J6","Todo sigue igual","spotify:artist:5sUrlPAHlS9NEirDB8SEbF","Alejandro Sanz","spotify:album:2yfm8Icbo9F9BDrsGamjBd","Viviendo deprisa","spotify:artist:5sUrlPAHlS9NEirDB8SEbF","Alejandro Sanz","1991-08-20","https://i.scdn.co/image/ab67616d0000b273de2389c54949f4805244564c","1","4","315973","https://p.scdn.co/mp3-preview/20b663b1bd6e2a3632d960aaf976adc13af6c31d?cid=9950ac751e34487dbbe027c4fd7f8e99","false","33","ES5159106017","spotify:user:12136711908","2026-07-24T13:20:19Z"
"spotify:track:6ZC9o0s7R6nlRFe7cdDDcN","Pero esta tarde no te vas","spotify:artist:5sUrlPAHlS9NEirDB8SEbF","Alejandro Sanz","spotify:album:0WSmZjtSlfaMoJjrhj7R7z","Paraíso Express","spotify:artist:5sUrlPAHlS9NEirDB8SEbF","Alejandro Sanz","2009-11-10","https://i.scdn.co/image/ab67616d0000b27385427661682e66a197f951d1","1","7","262720","https://p.scdn.co/mp3-preview/e189d89147343b9fa75a9861e9bdc1873e64c787?cid=9950ac751e34487dbbe027c4fd7f8e99","false","41","ES5150901159","spotify:user:12136711908","2026-07-24T13:20:19Z"
"spotify:track:5eHu0KzBEmxuCMFcOYcNuD","Gangs Of London","spotify:artist:1EXjXQpDx2pROygh8zvHs4","Melendi","spotify:album:4ZkaJeOjMZh4M8o8wZM6fJ","Yo me veo contigo","spotify:artist:1EXjXQpDx2pROygh8zvHs4","Melendi","2017-12-08","https://i.scdn.co/image/ab67616d0000b2730a13fb9b2b0cd1e20f66fb98","1","13","187586","https://p.scdn.co/mp3-preview/23034a42860e84aa4a2fc673e018f43950ec7f7e?cid=9950ac751e34487dbbe027c4fd7f8e99","false","26","ES5080600478","spotify:user:12136711908","2026-07-24T13:20:19Z"
"spotify:track:7hUJOJ6aF45Y7kbx9Xf0qX","El vino de tu boca","spotify:artist:5sUrlPAHlS9NEirDB8SEbF","Alejandro Sanz","spotify:album:4idEUGJW1xj2VMK8EWYYMI","¿Y ahora qué?","spotify:artist:5sUrlPAHlS9NEirDB8SEbF","Alejandro Sanz","2025-05-23","https://i.scdn.co/image/ab67616d0000b2738ef9ac0829a9217b3a6167ee","1","3","168840","https://p.scdn.co/mp3-preview/37eebcc57b47e8cb915d962a74117fc8f4925746?cid=9950ac751e34487dbbe027c4fd7f8e99","false","67","ES5022500526","spotify:user:12136711908","2026-07-24T13:20:19Z"
"spotify:track:6ylbxTY5C2OVKdNhAsVCWt","Eso es amor","spotify:artist:5sUrlPAHlS9NEirDB8SEbF","Alejandro Sanz","spotify:album:4idEUGJW1xj2VMK8EWYYMI","¿Y ahora qué?","spotify:artist:5sUrlPAHlS9NEirDB8SEbF","Alejandro Sanz","2025-05-23","https://i.scdn.co/image/ab67616d0000b2738ef9ac0829a9217b3a6167ee","1","5","164093","https://p.scdn.co/mp3-preview/4f00bde1e629f151710e099e52ef70525f15b7c3?cid=9950ac751e34487dbbe027c4fd7f8e99","false","44","ES5022500527","spotify:user:12136711908","2026-07-24T13:20:19Z"
"spotify:track:3lBlpJItoD6t2CMvNFEjTC","Cómo sería","spotify:artist:5sUrlPAHlS9NEirDB8SEbF, spotify:artist:0tmwSHipWxN12fsoLcFU3B","Alejandro Sanz, Manuel Turizo","spotify:album:2pifvfJMEZChbah4SJ3yYr","Cómo sería","spotify:artist:5sUrlPAHlS9NEirDB8SEbF, spotify:artist:0tmwSHipWxN12fsoLcFU3B","Alejandro Sanz, Manuel Turizo","2025-05-22","https://i.scdn.co/image/ab67616d0000b2738eb3bced134856e997f915ad","1","1","194292","https://p.scdn.co/mp3-preview/e60cf3c102e8652492fd34995e27ae72a06c9a03?cid=9950ac751e34487dbbe027c4fd7f8e99","false","58","ES5022500528","spotify:user:12136711908","2026-07-24T13:20:19Z"
"spotify:track:5ZZuokF4h1FlfTlSQhLCmG","Quién","spotify:artist:5M9Bb4adKAgrOFOhc05Y50","Pablo Alborán","spotify:album:7kA3hvV7UjgnA5uiUBxwlN","Tanto (Edición Premium)","spotify:artist:5M9Bb4adKAgrOFOhc05Y50","Pablo Alborán","2012","https://i.scdn.co/image/ab67616d0000b2732394ef9128f6ca9ae94622aa","1","8","249253","https://p.scdn.co/mp3-preview/fe1bbab6a4f518796b7c21323a0ad408a9c0a80f?cid=9950ac751e34487dbbe027c4fd7f8e99","false","71","ES7661200010","spotify:user:12136711908","2026-07-24T13:20:19Z"
"spotify:track:0EFWdMMuZjzJLTv6J18Ojp","La fiesta","spotify:artist:5M9Bb4adKAgrOFOhc05Y50","Pablo Alborán","spotify:album:3rMqrzAwB0tLlsA9Zrd46L","Vértigo","spotify:artist:5M9Bb4adKAgrOFOhc05Y50","Pablo Alborán","2020-12-11","https://i.scdn.co/image/ab67616d0000b27350f33f18675822ee6fbf78ce","1","6","212106","https://p.scdn.co/mp3-preview/b7c447769141a2f24d4a1a904fa173a6f4119187?cid=9950ac751e34487dbbe027c4fd7f8e99","false","42","ES5152000936","spotify:user:12136711908","2026-07-24T13:20:19Z"
"spotify:track:5g0RKQ3VOjWqPy5xOIEosd","Dicen","spotify:artist:5M9Bb4adKAgrOFOhc05Y50","Pablo Alborán","spotify:album:3rMqrzAwB0tLlsA9Zrd46L","Vértigo","spotify:artist:5M9Bb4adKAgrOFOhc05Y50","Pablo Alborán","2020-12-11","https://i.scdn.co/image/ab67616d0000b27350f33f18675822ee6fbf78ce","1","9","210211","https://p.scdn.co/mp3-preview/b3e83b68c70c7163f9bbaee28237edd765f871f3?cid=9950ac751e34487dbbe027c4fd7f8e99","false","36","ES5152000938","spotify:user:12136711908","2026-07-24T13:20:19Z"
"spotify:track:0ttJ5VlYydkecHXNqQChgN","Hablemos de amor","spotify:artist:5M9Bb4adKAgrOFOhc05Y50","Pablo Alborán","spotify:album:3rMqrzAwB0tLlsA9Zrd46L","Vértigo","spotify:artist:5M9Bb4adKAgrOFOhc05Y50","Pablo Alborán","2020-12-11","https://i.scdn.co/image/ab67616d0000b27350f33f18675822ee6fbf78ce","1","8","209221","https://p.scdn.co/mp3-preview/57945059c2abff1f299adc8853659bfa8a2a5b93?cid=9950ac751e34487dbbe027c4fd7f8e99","false","47","ES5152000937","spotify:user:12136711908","2026-07-24T13:20:19Z"
"spotify:track:05WGuzxCek5NSKjMVLeJSz","Que siempre sea verano","spotify:artist:5M9Bb4adKAgrOFOhc05Y50","Pablo Alborán","spotify:album:3rMqrzAwB0tLlsA9Zrd46L","Vértigo","spotify:artist:5M9Bb4adKAgrOFOhc05Y50","Pablo Alborán","2020-12-11","https://i.scdn.co/image/ab67616d0000b27350f33f18675822ee6fbf78ce","1","10","189157","https://p.scdn.co/mp3-preview/ed96d8dd8f15177542db46ec3736550bbc0d7648?cid=9950ac751e34487dbbe027c4fd7f8e99","false","52","ES5152000939","spotify:user:12136711908","2026-07-24T13:20:19Z"
"spotify:track:0C1HZpb7BX1ZsaGJc1DS4H","Boca de hule","spotify:artist:5M9Bb4adKAgrOFOhc05Y50","Pablo Alborán","spotify:album:4qtl6sl6iwC37wRM9lbssD","Prometo","spotify:artist:5M9Bb4adKAgrOFOhc05Y50","Pablo Alborán","2017-06-01","https://i.scdn.co/image/ab67616d0000b273e34a5d392e3acd4d2d5974c8","1","10","253826","https://p.scdn.co/mp3-preview/2d8d9803a4532ec5025ceeaf7af959afdaf3c7b1?cid=9950ac751e34487dbbe027c4fd7f8e99","false","39","ES5151701368","spotify:user:12136711908","2026-07-24T13:20:19Z"
"spotify:track:7idZ0QOyXULE8J8ZNEbGcE","Hijos del Mal","spotify:artist:1EXjXQpDx2pROygh8zvHs4","Melendi","spotify:album:72w6yDcGkl4i5eW5TxJJla","Quítate las Gafas","spotify:artist:1EXjXQpDx2pROygh8zvHs4","Melendi","2016-11-11","https://i.scdn.co/image/ab67616d0000b2739a64441c5acea667cd973d0e","1","3","243133","https://p.scdn.co/mp3-preview/3dc939e8e894279fd2be579eba347e92919dbc06?cid=9950ac751e34487dbbe027c4fd7f8e99","false","37","ES5021600528","spotify:user:12136711908","2026-07-24T13:20:19Z"
"spotify:track:6VsDogkQ9hSIKhYYMpuSKc","Flores de Agua y Plomo","spotify:artist:1EXjXQpDx2pROygh8zvHs4","Melendi","spotify:album:72w6yDcGkl4i5eW5TxJJla","Quítate las Gafas","spotify:artist:1EXjXQpDx2pROygh8zvHs4","Melendi","2016-11-11","https://i.scdn.co/image/ab67616d0000b2739a64441c5acea667cd973d0e","1","1","251240","https://p.scdn.co/mp3-preview/720a1a8f5062667116c064e927936f782d32aac9?cid=9950ac751e34487dbbe027c4fd7f8e99","false","36","ES5021600526","spotify:user:12136711908","2026-07-24T13:20:19Z"
"spotify:track:4BAq29XsuXXMDLdygF1Puh","El tiempo que gasto","spotify:artist:1EXjXQpDx2pROygh8zvHs4","Melendi","spotify:album:4ZkaJeOjMZh4M8o8wZM6fJ","Yo me veo contigo","spotify:artist:1EXjXQpDx2pROygh8zvHs4","Melendi","2017-12-08","https://i.scdn.co/image/ab67616d0000b2730a13fb9b2b0cd1e20f66fb98","1","43","223693","https://p.scdn.co/mp3-preview/45285017093910e86418fef9dce537d78f8ef193?cid=9950ac751e34487dbbe027c4fd7f8e99","false","24","ES5080600790","spotify:user:12136711908","2026-07-24T13:20:19Z"
"spotify:track:0brCTKPCDiNlIVWImYpPrQ","El rey de la baraja","spotify:artist:1EXjXQpDx2pROygh8zvHs4","Melendi","spotify:album:4ZkaJeOjMZh4M8o8wZM6fJ","Yo me veo contigo","spotify:artist:1EXjXQpDx2pROygh8zvHs4","Melendi","2017-12-08","https://i.scdn.co/image/ab67616d0000b2730a13fb9b2b0cd1e20f66fb98","1","47","178600","https://p.scdn.co/mp3-preview/d346075caeabd9a7969220898933ed58b837923e?cid=9950ac751e34487dbbe027c4fd7f8e99","false","23","ES5080700462","spotify:user:12136711908","2026-07-24T13:20:19Z"
"spotify:track:4vhB95AjQY75DJXuRfDdUC","Ni pa la pipa la sal","spotify:artist:1EXjXQpDx2pROygh8zvHs4","Melendi","spotify:album:4ZkaJeOjMZh4M8o8wZM6fJ","Yo me veo contigo","spotify:artist:1EXjXQpDx2pROygh8zvHs4","Melendi","2017-12-08","https://i.scdn.co/image/ab67616d0000b2730a13fb9b2b0cd1e20f66fb98","1","52","172400","https://p.scdn.co/mp3-preview/7c775111682338e9bcc93ea7c5d4db89b9dc5d7b?cid=9950ac751e34487dbbe027c4fd7f8e99","false","20","ESD010900036","spotify:user:12136711908","2026-07-24T13:20:19Z"
"spotify:track:1DmlUpnkg4N1VWquSoffF1","Y, ¿Si fuera ella?","spotify:artist:5sUrlPAHlS9NEirDB8SEbF","Alejandro Sanz","spotify:album:3MfNbOJuFb5H4CjrT49oiI","Más","spotify:artist:5sUrlPAHlS9NEirDB8SEbF","Alejandro Sanz","1997","https://i.scdn.co/image/ab67616d0000b273f4b093df6b9dccc604ab9155","1","1","323026","https://p.scdn.co/mp3-preview/fce7f5af94d572bd30aa57f57cf96c79ce60ba2a?cid=9950ac751e34487dbbe027c4fd7f8e99","false","75","ES5159706043","spotify:user:12136711908","2026-07-24T13:20:19Z"
"spotify:track:6A1gtQEfVuRt2zJESWHxY9","KM0 - Versión piano y voz","spotify:artist:5M9Bb4adKAgrOFOhc05Y50","Pablo Alborán","spotify:album:2VJQ82KtRMaWKQGDRFaQlG","KM0 (Versión piano y voz)","spotify:artist:5M9Bb4adKAgrOFOhc05Y50","Pablo Alborán","2025-06-27","https://i.scdn.co/image/ab67616d0000b273b4e81ab15870f8018c1b2e0e","1","1","263301","https://p.scdn.co/mp3-preview/213f1eaf6273890849b216f5ea12d943db63509c?cid=9950ac751e34487dbbe027c4fd7f8e99","false","32","ES5152500769","spotify:user:12136711908","2026-07-24T13:20:19Z"
"spotify:track:0Q6Pc3dqsl6qHKZ91DPUTH","Si hubieras querido","spotify:artist:5M9Bb4adKAgrOFOhc05Y50","Pablo Alborán","spotify:album:0mag3mrok9LV07L6nnACOt","Si hubieras querido","spotify:artist:5M9Bb4adKAgrOFOhc05Y50","Pablo Alborán","2020-09-24","https://i.scdn.co/image/ab67616d0000b27313770aab4352f67330d2f7c1","1","1","221139","https://p.scdn.co/mp3-preview/0623169b1942fac7816bce952965006d943f2275?cid=9950ac751e34487dbbe027c4fd7f8e99","false","49","ES5152000933","spotify:user:12136711908","2026-07-24T13:20:19Z"
"spotify:track:23CfGZgeDJkBxuObB6KmmQ","Tanto","spotify:artist:5M9Bb4adKAgrOFOhc05Y50","Pablo Alborán","spotify:album:7kA3hvV7UjgnA5uiUBxwlN","Tanto (Edición Premium)","spotify:artist:5M9Bb4adKAgrOFOhc05Y50","Pablo Alborán","2012","https://i.scdn.co/image/ab67616d0000b2732394ef9128f6ca9ae94622aa","1","7","256640","https://p.scdn.co/mp3-preview/6d239e39f84d2a54b3f10e12d9ab3423f9803142?cid=9950ac751e34487dbbe027c4fd7f8e99","false","64","ES7661200003","spotify:user:12136711908","2026-07-24T13:20:19Z"
"spotify:track:5UEtsmhfAtUb1KmPGougtO","Recuérdame","spotify:artist:5M9Bb4adKAgrOFOhc05Y50","Pablo Alborán","spotify:album:1cWvezm4YsxlvvOSRUXLmS","Terral","spotify:artist:5M9Bb4adKAgrOFOhc05Y50","Pablo Alborán","2014-11-10","https://i.scdn.co/image/ab67616d0000b2737e182125bce4ec18687faed1","1","6","287733","https://p.scdn.co/mp3-preview/becf7ecfc829f22efd156d051741995bc6ac71bc?cid=9950ac751e34487dbbe027c4fd7f8e99","false","68","ES5151401640","spotify:user:12136711908","2026-07-24T13:20:19Z"
"spotify:track:4Wc0FFBjYDVNJ3Zx3fck6s","Prometo","spotify:artist:5M9Bb4adKAgrOFOhc05Y50","Pablo Alborán","spotify:album:07c88Esc2q8pUl0tXADs3D","Prometo","spotify:artist:5M9Bb4adKAgrOFOhc05Y50","Pablo Alborán","2017-11-17","https://i.scdn.co/image/ab67616d0000b273eb6bd8cffe1dc24cf3a4e44e","1","2","307106","https://p.scdn.co/mp3-preview/25bea334a053be25cea1a45009a9f2d92935d32b?cid=9950ac751e34487dbbe027c4fd7f8e99","false","51","ES5151701369","spotify:user:12136711908","2026-07-24T13:20:19Z"
"spotify:track:35IS0HfbFDk4QTF7Nnkoxl","Tu refugio","spotify:artist:5M9Bb4adKAgrOFOhc05Y50","Pablo Alborán","spotify:album:07c88Esc2q8pUl0tXADs3D","Prometo","spotify:artist:5M9Bb4adKAgrOFOhc05Y50","Pablo Alborán","2017-11-17","https://i.scdn.co/image/ab67616d0000b273eb6bd8cffe1dc24cf3a4e44e","1","7","262000","https://p.scdn.co/mp3-preview/7cca30fa8d34b30a7206afb897b771d578ea38d6?cid=9950ac751e34487dbbe027c4fd7f8e99","false","52","ES5151701370","spotify:user:12136711908","2026-07-24T13:20:19Z"
"spotify:track:0FRuh1ooUIR7fjzIEw1YR2","Curo tus labios","spotify:artist:5M9Bb4adKAgrOFOhc05Y50","Pablo Alborán","spotify:album:07c88Esc2q8pUl0tXADs3D","Prometo","spotify:artist:5M9Bb4adKAgrOFOhc05Y50","Pablo Alborán","2017-11-17","https://i.scdn.co/image/ab67616d0000b273eb6bd8cffe1dc24cf3a4e44e","1","11","255986","https://p.scdn.co/mp3-preview/ee265ac414989487cf3402d8d6701b20b24d2114?cid=9950ac751e34487dbbe027c4fd7f8e99","false","41","ES5151701366","spotify:user:12136711908","2026-07-24T13:20:19Z"
"spotify:track:3sAYqtbkcmnkSt8p2Liayv","Lo nuestro","spotify:artist:5M9Bb4adKAgrOFOhc05Y50","Pablo Alborán","spotify:album:07c88Esc2q8pUl0tXADs3D","Prometo","spotify:artist:5M9Bb4adKAgrOFOhc05Y50","Pablo Alborán","2017-11-17","https://i.scdn.co/image/ab67616d0000b273eb6bd8cffe1dc24cf3a4e44e","1","5","249760","https://p.scdn.co/mp3-preview/17a2558fff578e7df6b5280167f80d8cf8ed84d2?cid=9950ac751e34487dbbe027c4fd7f8e99","false","36","ES5151701367","spotify:user:12136711908","2026-07-24T13:20:19Z"
"spotify:track:4l6QxF7OBrQb2C99reIYeo","Como Dijo El Rey","spotify:artist:1EXjXQpDx2pROygh8zvHs4","Melendi","spotify:album:1nRo70xzejpUW36UNp0ZF8","Que El Cielo Espere Sentao..","spotify:artist:1EXjXQpDx2pROygh8zvHs4","Melendi","2005","https://i.scdn.co/image/ab67616d0000b273fdf0ca257453adac7d1167b2","1","3","233133","https://p.scdn.co/mp3-preview/2a61e909ce366ecf5d878c05d75ad3c0db847126?cid=9950ac751e34487dbbe027c4fd7f8e99","false","43","ES5080600406","spotify:user:12136711908","2026-07-24T13:20:19Z"
"spotify:track:1fSmlsLnJBi7xdorKXTBvi","Con Tanto Héroe","spotify:artist:1EXjXQpDx2pROygh8zvHs4","Melendi","spotify:album:1nRo70xzejpUW36UNp0ZF8","Que El Cielo Espere Sentao..","spotify:artist:1EXjXQpDx2pROygh8zvHs4","Melendi","2005","https://i.scdn.co/image/ab67616d0000b273fdf0ca257453adac7d1167b2","1","4","163573","https://p.scdn.co/mp3-preview/ccac7d102802b52ed3c949058050c08ee6ed5ce4?cid=9950ac751e34487dbbe027c4fd7f8e99","false","40","ES5080600429","spotify:user:12136711908","2026-07-24T13:20:19Z"
"spotify:track:1SkfMU5ZqC4Vxvl3xDAo7C","Cuestión de Prioridades","spotify:artist:1EXjXQpDx2pROygh8zvHs4","Melendi","spotify:album:1nRo70xzejpUW36UNp0ZF8","Que El Cielo Espere Sentao..","spotify:artist:1EXjXQpDx2pROygh8zvHs4","Melendi","2005","https://i.scdn.co/image/ab67616d0000b273fdf0ca257453adac7d1167b2","1","9","234666","https://p.scdn.co/mp3-preview/f1428fcb2ada42d47023378513a47af622cff1d7?cid=9950ac751e34487dbbe027c4fd7f8e99","false","42","ES5080600432","spotify:user:12136711908","2026-07-24T13:20:19Z"
"spotify:track:4HwH6z0X4z2nU2SAv3i8nk","Que el cielo espere sentao","spotify:artist:1EXjXQpDx2pROygh8zvHs4","Melendi","spotify:album:1nRo70xzejpUW36UNp0ZF8","Que El Cielo Espere Sentao..","spotify:artist:1EXjXQpDx2pROygh8zvHs4","Melendi","2005","https://i.scdn.co/image/ab67616d0000b273fdf0ca257453adac7d1167b2","1","12","202066","https://p.scdn.co/mp3-preview/2e32216e362cb1c496af5534d716896968f4ad51?cid=9950ac751e34487dbbe027c4fd7f8e99","false","39","ES5080600403","spotify:user:12136711908","2026-07-24T13:20:19Z"
"spotify:track:7DcOJdgDYMRDKpRY4OHWiB","Vámonos de aquí","spotify:artist:5M9Bb4adKAgrOFOhc05Y50, spotify:artist:5WfHQfrrbcQ3AYCcdUvPFh","Pablo Alborán, Indiara Sfair","spotify:album:7cB57OAYP688kLE9Hor4lt","Vámonos de aquí","spotify:artist:5M9Bb4adKAgrOFOhc05Y50, spotify:artist:5WfHQfrrbcQ3AYCcdUvPFh","Pablo Alborán, Indiara Sfair","2025-08-29","https://i.scdn.co/image/ab67616d0000b273cd2d06f5ce8ae66343185a45","1","1","152163","https://p.scdn.co/mp3-preview/f0b9c973f8f71406c507c3fe0e2b020f6d5024d6?cid=9950ac751e34487dbbe027c4fd7f8e99","false","55","ES5152500907","spotify:user:12136711908","2026-07-24T13:20:19Z"
"spotify:track:4qvEkeFHAgQFzn4gzDzoWv","Mis 36","spotify:artist:5M9Bb4adKAgrOFOhc05Y50","Pablo Alborán","spotify:album:0pRpwj7IuVsgcJ1ZY7PRY2","Mis 36","spotify:artist:5M9Bb4adKAgrOFOhc05Y50","Pablo Alborán","2025-09-23","https://i.scdn.co/image/ab67616d0000b273e08424e967340066bd0d1af3","1","1","242291","https://p.scdn.co/mp3-preview/99336c99ce4efac6499d7776f4c862624faa2842?cid=9950ac751e34487dbbe027c4fd7f8e99","false","49","ES5152500935","spotify:user:12136711908","2026-07-24T13:20:19Z"
"spotify:track:08AlcSpItIXA4jL2rcNrUi","¿Qué tal te va? (feat. Luan Santana) - Versión en portugués","spotify:artist:5M9Bb4adKAgrOFOhc05Y50, spotify:artist:3qvcCP2J0fWi0m0uQDUf6r","Pablo Alborán, Luan Santana","spotify:album:7nr2S2atbltkacEvkue97o","¿Qué tal te va? (feat. Luan Santana)","spotify:artist:5M9Bb4adKAgrOFOhc05Y50, spotify:artist:3qvcCP2J0fWi0m0uQDUf6r","Pablo Alborán, Luan Santana","2025-10-02","https://i.scdn.co/image/ab67616d0000b273a6eb904ca74662c78ae580db","1","1","192038","https://p.scdn.co/mp3-preview/3be2feb3b61c98484168c6b57a3b03483a9c0c0f?cid=9950ac751e34487dbbe027c4fd7f8e99","false","42","ES5152501093","spotify:user:12136711908","2026-07-24T13:20:19Z"
"spotify:track:6ABBFWqsPvXrv14pYPpCVF","Me quedo","spotify:artist:5M9Bb4adKAgrOFOhc05Y50","Pablo Alborán","spotify:album:2eQtbaGUFOZ0NdWv5XBoPq","KM0","spotify:artist:5M9Bb4adKAgrOFOhc05Y50","Pablo Alborán","2025-11-07","https://i.scdn.co/image/ab67616d0000b273ecf570e342b393b1bb848d17","1","4","191496","https://p.scdn.co/mp3-preview/ecd768973fceedcff791acd9ebebb8baa36628c2?cid=9950ac751e34487dbbe027c4fd7f8e99","false","55","ES5152501094","spotify:user:12136711908","2026-07-24T13:20:19Z"
"spotify:track:5Xmi97kZbwHR19OQrBjBrc","Si quisieras","spotify:artist:5M9Bb4adKAgrOFOhc05Y50","Pablo Alborán","spotify:album:2eQtbaGUFOZ0NdWv5XBoPq","KM0","spotify:artist:5M9Bb4adKAgrOFOhc05Y50","Pablo Alborán","2025-11-07","https://i.scdn.co/image/ab67616d0000b273ecf570e342b393b1bb848d17","1","6","200464","https://p.scdn.co/mp3-preview/894efde3b25e2ef655a375ad2429508dd221e72d?cid=9950ac751e34487dbbe027c4fd7f8e99","false","60","ES5152501095","spotify:user:12136711908","2026-07-24T13:20:19Z"
"spotify:track:7r0VYPrVDKi7SU0uqPNsQ4","Planta 7 (feat. Vicente Amigo)","spotify:artist:5M9Bb4adKAgrOFOhc05Y50, spotify:artist:4uo8Bp99zyj8HQW1ynweoY","Pablo Alborán, Vicente Amigo","spotify:album:2eQtbaGUFOZ0NdWv5XBoPq","KM0","spotify:artist:5M9Bb4adKAgrOFOhc05Y50","Pablo Alborán","2025-11-07","https://i.scdn.co/image/ab67616d0000b273ecf570e342b393b1bb848d17","1","7","549177","https://p.scdn.co/mp3-preview/8d8ad7e41319cd15dfcd3a8bad4b9798719dddf5?cid=9950ac751e34487dbbe027c4fd7f8e99","false","49","ES5152501096","spotify:user:12136711908","2026-07-24T13:20:19Z"
"spotify:track:6XZ4QgHElRij9DMPwD4KBZ","La vida que nos espera","spotify:artist:5M9Bb4adKAgrOFOhc05Y50","Pablo Alborán","spotify:album:2eQtbaGUFOZ0NdWv5XBoPq","KM0","spotify:artist:5M9Bb4adKAgrOFOhc05Y50","Pablo Alborán","2025-11-07","https://i.scdn.co/image/ab67616d0000b273ecf570e342b393b1bb848d17","1","8","158476","https://p.scdn.co/mp3-preview/56b8b4873a98de7cd5a7dd9ce68d0058aeebe974?cid=9950ac751e34487dbbe027c4fd7f8e99","false","51","ES5152501097","spotify:user:12136711908","2026-07-24T13:20:19Z"
"spotify:track:4zHlYFaVKscJORkIZ8tDh0","Mi talón de aquiles","spotify:artist:5M9Bb4adKAgrOFOhc05Y50","Pablo Alborán","spotify:album:2eQtbaGUFOZ0NdWv5XBoPq","KM0","spotify:artist:5M9Bb4adKAgrOFOhc05Y50","Pablo Alborán","2025-11-07","https://i.scdn.co/image/ab67616d0000b273ecf570e342b393b1bb848d17","1","9","157407","https://p.scdn.co/mp3-preview/f3c13ea428f3303a1e843e9531480835034ffcdf?cid=9950ac751e34487dbbe027c4fd7f8e99","false","46","ES5152501098","spotify:user:12136711908","2026-07-24T13:20:19Z"
"spotify:track:1pHbMzozmuH6yhrDGbmwKN","¿Qué tal te va? (feat. Luan Santana) - Versión en portugués","spotify:artist:5M9Bb4adKAgrOFOhc05Y50, spotify:artist:3qvcCP2J0fWi0m0uQDUf6r","Pablo Alborán, Luan Santana","spotify:album:2eQtbaGUFOZ0NdWv5XBoPq","KM0","spotify:artist:5M9Bb4adKAgrOFOhc05Y50","Pablo Alborán","2025-11-07","https://i.scdn.co/image/ab67616d0000b273ecf570e342b393b1bb848d17","1","12","192038","https://p.scdn.co/mp3-preview/748b5cc33a9d981c21a42c5e2a613a811d5c17e3?cid=9950ac751e34487dbbe027c4fd7f8e99","false","44","ES5152501093","spotify:user:12136711908","2026-07-24T13:20:19Z"
"spotify:track:6rbGAMYjZUNygwZ26affeI","Copiloto","spotify:artist:5M9Bb4adKAgrOFOhc05Y50","Pablo Alborán","spotify:album:2eQtbaGUFOZ0NdWv5XBoPq","KM0","spotify:artist:5M9Bb4adKAgrOFOhc05Y50","Pablo Alborán","2025-11-07","https://i.scdn.co/image/ab67616d0000b273ecf570e342b393b1bb848d17","1","13","135914","https://p.scdn.co/mp3-preview/f2a83c755f3c66bf92fbdcdceeadfceacbde509b?cid=9950ac751e34487dbbe027c4fd7f8e99","false","48","ES5152501101","spotify:user:12136711908","2026-07-24T13:20:19Z"
"spotify:track:0qHvB1SrdDqmX3YBzPfhZ9","Te invito","spotify:artist:5M9Bb4adKAgrOFOhc05Y50","Pablo Alborán","spotify:album:2eQtbaGUFOZ0NdWv5XBoPq","KM0","spotify:artist:5M9Bb4adKAgrOFOhc05Y50","Pablo Alborán","2025-11-07","https://i.scdn.co/image/ab67616d0000b273ecf570e342b393b1bb848d17","1","14","124485","https://p.scdn.co/mp3-preview/457bc887ef8102dcb4fb14df2e7e8fc1a3e7dd35?cid=9950ac751e34487dbbe027c4fd7f8e99","false","50","ES5152501102","spotify:user:12136711908","2026-07-24T13:20:19Z"
"spotify:track:1Revs1gu5X7Anahouazvo2","Inciso","spotify:artist:5M9Bb4adKAgrOFOhc05Y50","Pablo Alborán","spotify:album:2eQtbaGUFOZ0NdWv5XBoPq","KM0","spotify:artist:5M9Bb4adKAgrOFOhc05Y50","Pablo Alborán","2025-11-07","https://i.scdn.co/image/ab67616d0000b273ecf570e342b393b1bb848d17","1","17","234848","https://p.scdn.co/mp3-preview/da644e19f6d11e49d6550605e02265bb26b8feb9?cid=9950ac751e34487dbbe027c4fd7f8e99","false","43","ES5152501104","spotify:user:12136711908","2026-07-24T13:20:19Z"
"spotify:track:5vECv6XMiz61DZsVYw934Z","Perfectos imperfectos","spotify:artist:5M9Bb4adKAgrOFOhc05Y50","Pablo Alborán","spotify:album:2eQtbaGUFOZ0NdWv5XBoPq","KM0","spotify:artist:5M9Bb4adKAgrOFOhc05Y50","Pablo Alborán","2025-11-07","https://i.scdn.co/image/ab67616d0000b273ecf570e342b393b1bb848d17","1","18","216976","https://p.scdn.co/mp3-preview/efc8fa7e9e3dc6a80ca19e2698b284b4b21e0cab?cid=9950ac751e34487dbbe027c4fd7f8e99","false","49","ES5152501105","spotify:user:12136711908","2026-07-24T13:20:19Z"
"spotify:track:4ZX68xbu3wt69rsDzMhCQX","El Secreto De Las Tortugas (MN&M Edition)","spotify:artist:3heR1it0slFXjaa7E62zpw, spotify:artist:1EXjXQpDx2pROygh8zvHs4","Maldita Nerea, Melendi","spotify:album:1BcNKLCjZFcet39nAc9TdR","El Secreto De Las Tortugas (MN&M Edition)","spotify:artist:3heR1it0slFXjaa7E62zpw, spotify:artist:1EXjXQpDx2pROygh8zvHs4","Maldita Nerea, Melendi","2025-11-07","https://i.scdn.co/image/ab67616d0000b273d66a1a3cbde4782dcef4cb10","1","1","240882","https://p.scdn.co/mp3-preview/b26174f4c588dec7f073f317a163aed87b83ca8d?cid=9950ac751e34487dbbe027c4fd7f8e99","false","48","QT3FH2567085","spotify:user:12136711908","2026-07-24T13:20:19Z"
"spotify:track:1DhVnXIaXIkxvI2E7MDasa","Entre la ropa sucia de Cupido","spotify:artist:1EXjXQpDx2pROygh8zvHs4","Melendi","spotify:album:1O2K1CtGy9oNUPkmOKLnAx","Volvamos a empezar (Deluxe edition)","spotify:artist:1EXjXQpDx2pROygh8zvHs4","Melendi","2010-10-29","https://i.scdn.co/image/ab67616d0000b2737054311bb228b1a1368dc485","1","5","258266","https://p.scdn.co/mp3-preview/86b3a6662b32cddee9288a3143dab6a7e29bcf05?cid=9950ac751e34487dbbe027c4fd7f8e99","false","42","ES5151001362","spotify:user:12136711908","2026-07-24T13:20:19Z"
"spotify:track:28BEKhx2Whkoygyzzk4rS2","Ese último momento","spotify:artist:5sUrlPAHlS9NEirDB8SEbF","Alejandro Sanz","spotify:album:3MfNbOJuFb5H4CjrT49oiI","Más","spotify:artist:5sUrlPAHlS9NEirDB8SEbF","Alejandro Sanz","1997","https://i.scdn.co/image/ab67616d0000b273f4b093df6b9dccc604ab9155","1","2","306213","https://p.scdn.co/mp3-preview/97473398d8763d4af0e29a984e925560be0bc6f5?cid=9950ac751e34487dbbe027c4fd7f8e99","false","55","ES5159706044","spotify:user:12136711908","2026-07-24T13:20:19Z"
"spotify:track:6RLsmhOT7wF2CB3RK4NIsT","Hoy que no estás","spotify:artist:5sUrlPAHlS9NEirDB8SEbF","Alejandro Sanz","spotify:album:3MfNbOJuFb5H4CjrT49oiI","Más","spotify:artist:5sUrlPAHlS9NEirDB8SEbF","Alejandro Sanz","1997","https://i.scdn.co/image/ab67616d0000b273f4b093df6b9dccc604ab9155","1","6","310680","https://p.scdn.co/mp3-preview/df3c6d3b3a88d04f3fae1f9747bcf1ae1cc075ab?cid=9950ac751e34487dbbe027c4fd7f8e99","false","50","ES5159706048","spotify:user:12136711908","2026-07-24T13:20:19Z"
"spotify:track:6ZL2hqLpDdMzDkxIp7I7aZ","Siempre es de noche","spotify:artist:5sUrlPAHlS9NEirDB8SEbF","Alejandro Sanz","spotify:album:3MfNbOJuFb5H4CjrT49oiI","Más","spotify:artist:5sUrlPAHlS9NEirDB8SEbF","Alejandro Sanz","1997","https://i.scdn.co/image/ab67616d0000b273f4b093df6b9dccc604ab9155","1","4","288026","https://p.scdn.co/mp3-preview/9d280514e57c34dcfbb9d17506baef1ec3f25925?cid=9950ac751e34487dbbe027c4fd7f8e99","false","63","ES5159706046","spotify:user:12136711908","2026-07-24T13:20:19Z"
"spotify:track:71tonhzIjHmw7bJ2An5RNu","La margarita dijo no","spotify:artist:5sUrlPAHlS9NEirDB8SEbF","Alejandro Sanz","spotify:album:3MfNbOJuFb5H4CjrT49oiI","Más","spotify:artist:5sUrlPAHlS9NEirDB8SEbF","Alejandro Sanz","1997","https://i.scdn.co/image/ab67616d0000b273f4b093df6b9dccc604ab9155","1","5","294520","https://p.scdn.co/mp3-preview/f702c10dafaa2f2690ffda72ef6ae4f52530922c?cid=9950ac751e34487dbbe027c4fd7f8e99","false","52","ES5159706047","spotify:user:12136711908","2026-07-24T13:20:19Z"
"spotify:track:14xjSxTAP8Z6C9NcaEdM1G","Hoy llueve, hoy duele","spotify:artist:5sUrlPAHlS9NEirDB8SEbF","Alejandro Sanz","spotify:album:3mAnRVNSmsmPN5rDqY6YAK","No es lo mismo","spotify:artist:5sUrlPAHlS9NEirDB8SEbF","Alejandro Sanz","2003-06-06","https://i.scdn.co/image/ab67616d0000b273e591a5bfe485c5cfa970838d","1","2","292506","https://p.scdn.co/mp3-preview/9e80dabb716b9d6b16d84d2d655c5527e859409e?cid=9950ac751e34487dbbe027c4fd7f8e99","false","39","ES5150306003","spotify:user:12136711908","2026-07-24T13:20:19Z"
"spotify:track:02f5iKhfXVvCWK641es1sT","Looking for Paradise (feat. Alicia Keys)","spotify:artist:5sUrlPAHlS9NEirDB8SEbF, spotify:artist:3DiDSECUqqY1AuBP8qtaIa","Alejandro Sanz, Alicia Keys","spotify:album:0WSmZjtSlfaMoJjrhj7R7z","Paraíso Express","spotify:artist:5sUrlPAHlS9NEirDB8SEbF","Alejandro Sanz","2009-11-10","https://i.scdn.co/image/ab67616d0000b27385427661682e66a197f951d1","1","3","270626","https://p.scdn.co/mp3-preview/e6eba7840f92093747c6958b2b52f4256ceac45d?cid=9950ac751e34487dbbe027c4fd7f8e99","false","57","ES5150901163","spotify:user:12136711908","2026-07-24T13:20:19Z"
"spotify:track:7vDbXop7XfI3FGyHLWGzIC","Si Te Quedas (feat. Pablo Alborán)","spotify:artist:0XK6kT7xcZAlcYrNjOgzJe, spotify:artist:5M9Bb4adKAgrOFOhc05Y50","Carla Morrison, Pablo Alborán","spotify:album:2YvDx3uFnG3pNfCgv7s105","Si Te Quedas (feat. Pablo Alborán)","spotify:artist:0XK6kT7xcZAlcYrNjOgzJe","Carla Morrison","2025-12-04","https://i.scdn.co/image/ab67616d0000b27394cdf1804d8a8f48fa196fec","1","1","175748","https://p.scdn.co/mp3-preview/9db77ec68d4f2cc4950306d143c3b3d0d87836b5?cid=9950ac751e34487dbbe027c4fd7f8e99","false","60","USQX92506723","spotify:user:12136711908","2026-07-24T13:20:19Z"
"spotify:track:6lKP5tMYtjrQSl9CrR0a43","Quimera - En directo","spotify:artist:5M9Bb4adKAgrOFOhc05Y50","Pablo Alborán","spotify:album:3b2X7VxxfTCFRJQkShaJhc","Tour Terral (Tres noches en Las Ventas)","spotify:artist:5M9Bb4adKAgrOFOhc05Y50","Pablo Alborán","2015-11-06","https://i.scdn.co/image/ab67616d0000b273130ec76c82cf0d7df43eeee4","1","6","276228","https://p.scdn.co/mp3-preview/65f1bd9a3b1e429176f1c4340fc9e2ed753aa70f?cid=9950ac751e34487dbbe027c4fd7f8e99","false","33","ES5151502954","spotify:user:12136711908","2026-07-24T13:20:19Z"
"spotify:track:1cGOP158WesIqued270rGg","De repente desperté","spotify:artist:1EXjXQpDx2pROygh8zvHs4","Melendi","spotify:album:1J83k6qJHhtXaexpnJzoqr","Lágrimas desordenadas","spotify:artist:1EXjXQpDx2pROygh8zvHs4","Melendi","2012-11-13","https://i.scdn.co/image/ab67616d0000b273420c7ba982f6f92351fc0a2b","1","11","309773","https://p.scdn.co/mp3-preview/80c4eec602c9f37351a8d84cbdd38365fd2a3545?cid=9950ac751e34487dbbe027c4fd7f8e99","false","46","ES5151201518","spotify:user:12136711908","2026-07-24T13:20:19Z"
"spotify:track:2USuWC60sd6pQtTjH7lv4Z","Las guapas","spotify:artist:5sUrlPAHlS9NEirDB8SEbF","Alejandro Sanz","spotify:album:2oBvsAEB09BYyv3Dnzn2Lb","¿Y ahora qué +?","spotify:artist:5sUrlPAHlS9NEirDB8SEbF","Alejandro Sanz","2025-11-21","https://i.scdn.co/image/ab67616d0000b2732a622551973b8014e963232d","1","2","210200","https://p.scdn.co/mp3-preview/6002bfc569c7b51a77ae613a70a4c847ee711b42?cid=9950ac751e34487dbbe027c4fd7f8e99","false","68","ES5022501254","spotify:user:12136711908","2026-07-24T13:20:19Z"
"spotify:track:6ciwQPaKG7QERMMLrjznZE","Algo de mí","spotify:artist:5M9Bb4adKAgrOFOhc05Y50","Pablo Alborán","spotify:album:7mUyUHgpceqFrbVqKnyoqm","Algo de mí","spotify:artist:5M9Bb4adKAgrOFOhc05Y50","Pablo Alborán","2026-02-27","https://i.scdn.co/image/ab67616d0000b273ede88d2b6d599bd6e477c278","1","1","181914","https://p.scdn.co/mp3-preview/ba1341a106f6b10b349c4cf2ec7554416633b480?cid=9950ac751e34487dbbe027c4fd7f8e99","false","64","ES5152600139","spotify:user:12136711908","2026-07-24T13:20:19Z"
"spotify:track:6AsbBWG3ujyIPsYE13hYVH","Una Historia De Dos","spotify:artist:1EXjXQpDx2pROygh8zvHs4","Melendi","spotify:album:3dqitbJXkuv1S0WE0xF2L1","Aún Más Curiosa La Cara De Tu Padre","spotify:artist:1EXjXQpDx2pROygh8zvHs4","Melendi","2009-03-24","https://i.scdn.co/image/ab67616d0000b2735eaab26174e72e7c8e5311c7","2","4","288626","https://p.scdn.co/mp3-preview/b935bb77c3a4b498025937f8869e8fb2595d60ff?cid=9950ac751e34487dbbe027c4fd7f8e99","false","35","ESD010800129","spotify:user:12136711908","2026-07-24T13:20:19Z"
"spotify:track:5MxYwZ7rJDvJAmuaAfCAZW","La Mi Mozuca","spotify:artist:1EXjXQpDx2pROygh8zvHs4","Melendi","spotify:album:00UlhRF25elWQ4ImKuj8SI","Curiosa La Cara De Tu Padre","spotify:artist:1EXjXQpDx2pROygh8zvHs4","Melendi","2008-09-16","https://i.scdn.co/image/ab67616d0000b2733f39425dd684788ae6edb372","1","13","249746","https://p.scdn.co/mp3-preview/8cfa0cbb47b97a91f59298cf45f9d4248bf61ca4?cid=9950ac751e34487dbbe027c4fd7f8e99","false","42","ESD010800128","spotify:user:12136711908","2026-07-24T13:20:19Z"
"spotify:track:4UrNUEsjjw96m2uC7o9kHQ","Dímelo","spotify:artist:1EXjXQpDx2pROygh8zvHs4, spotify:artist:4j0Oi9KU6tQB5SV80mQNHO","Melendi, Andy Clay","spotify:album:7jcw1v5iY7JGnGrt1GUJ3v","Dímelo","spotify:artist:1EXjXQpDx2pROygh8zvHs4, spotify:artist:4j0Oi9KU6tQB5SV80mQNHO","Melendi, Andy Clay","2019-08-22","https://i.scdn.co/image/ab67616d0000b273c1b1a0ff47d3d6841aa11cb7","1","1","208908","https://p.scdn.co/mp3-preview/f5351871c95098d282aff38aec5f1ea443da14d8?cid=9950ac751e34487dbbe027c4fd7f8e99","false","34","ES5021901237","spotify:user:12136711908","2026-07-24T13:20:19Z"
"spotify:track:4xRc4vzso6gm1waaBUFIoM","Veneno y Arena","spotify:artist:1EXjXQpDx2pROygh8zvHs4","Melendi","spotify:album:0fBK2XFrgxTKQMYrLDQxsI","Pop Rock","spotify:artist:1EXjXQpDx2pROygh8zvHs4","Melendi","2026-05-08","https://i.scdn.co/image/ab67616d0000b27390751989f8f8173ee44dde5a","1","1","217120","https://p.scdn.co/mp3-preview/87efb135a54c34a471bbf5d1a5ca4ea7e6bd387b?cid=9950ac751e34487dbbe027c4fd7f8e99","false","59","ES5022600332","spotify:user:12136711908","2026-07-24T13:20:19Z"
"spotify:track:6HRn1gvlyFRjh1QPqCjvB2","Fecha de Caducidad","spotify:artist:1EXjXQpDx2pROygh8zvHs4","Melendi","spotify:album:0fBK2XFrgxTKQMYrLDQxsI","Pop Rock","spotify:artist:1EXjXQpDx2pROygh8zvHs4","Melendi","2026-05-08","https://i.scdn.co/image/ab67616d0000b27390751989f8f8173ee44dde5a","1","2","305466","https://p.scdn.co/mp3-preview/cafccf42d04da66671b32095950e507ea8d1d1ec?cid=9950ac751e34487dbbe027c4fd7f8e99","false","55","ES5022600122","spotify:user:12136711908","2026-07-24T13:20:19Z"
"spotify:track:6XLj2VaMZbNEeLRDsZfELH","La Única Puerta Abierta","spotify:artist:1EXjXQpDx2pROygh8zvHs4","Melendi","spotify:album:0fBK2XFrgxTKQMYrLDQxsI","Pop Rock","spotify:artist:1EXjXQpDx2pROygh8zvHs4","Melendi","2026-05-08","https://i.scdn.co/image/ab67616d0000b27390751989f8f8173ee44dde5a","1","3","231210","https://p.scdn.co/mp3-preview/ad08c8a5de702f1268865283000b35de24a6e04d?cid=9950ac751e34487dbbe027c4fd7f8e99","false","56","ES5022600333","spotify:user:12136711908","2026-07-24T13:20:19Z"
"spotify:track:5ra5vEu4ggNnKVJJpf34Os","Llegar A Viejos","spotify:artist:1EXjXQpDx2pROygh8zvHs4","Melendi","spotify:album:0fBK2XFrgxTKQMYrLDQxsI","Pop Rock","spotify:artist:1EXjXQpDx2pROygh8zvHs4","Melendi","2026-05-08","https://i.scdn.co/image/ab67616d0000b27390751989f8f8173ee44dde5a","1","4","245173","https://p.scdn.co/mp3-preview/ec24ad9bbc5d7ccc166a319cb1eb627d28b6faea?cid=9950ac751e34487dbbe027c4fd7f8e99","false","56","ES5022600334","spotify:user:12136711908","2026-07-24T13:20:19Z"
"spotify:track:2CkFj4zh0hL9mKKxjrDhzH","Mentiras Arriesgadas","spotify:artist:1EXjXQpDx2pROygh8zvHs4","Melendi","spotify:album:0fBK2XFrgxTKQMYrLDQxsI","Pop Rock","spotify:artist:1EXjXQpDx2pROygh8zvHs4","Melendi","2026-05-08","https://i.scdn.co/image/ab67616d0000b27390751989f8f8173ee44dde5a","1","5","212960","https://p.scdn.co/mp3-preview/8ba683041e7b459d45d9f9f3311e8a05b6c0557a?cid=9950ac751e34487dbbe027c4fd7f8e99","false","55","ES5022600335","spotify:user:12136711908","2026-07-24T13:20:19Z"
"spotify:track:2AhTuXfs0IK6NngWNjVMdR","El Peor De Tus Exnovios","spotify:artist:1EXjXQpDx2pROygh8zvHs4","Melendi","spotify:album:0fBK2XFrgxTKQMYrLDQxsI","Pop Rock","spotify:artist:1EXjXQpDx2pROygh8zvHs4","Melendi","2026-05-08","https://i.scdn.co/image/ab67616d0000b27390751989f8f8173ee44dde5a","1","6","249994","https://p.scdn.co/mp3-preview/a7b2724b66b3bcc8ad1aff903109abfece410385?cid=9950ac751e34487dbbe027c4fd7f8e99","false","54","ES5022600336","spotify:user:12136711908","2026-07-24T13:20:19Z"
"spotify:track:2OKD4hZI06VfonUpzqSGv6","Yo A Boston Y Tú a Tijuana","spotify:artist:1EXjXQpDx2pROygh8zvHs4","Melendi","spotify:album:0fBK2XFrgxTKQMYrLDQxsI","Pop Rock","spotify:artist:1EXjXQpDx2pROygh8zvHs4","Melendi","2026-05-08","https://i.scdn.co/image/ab67616d0000b27390751989f8f8173ee44dde5a","1","7","255808","https://p.scdn.co/mp3-preview/40a8c5ee9744d2c4a7db1d60a0ff372ce1ba6e42?cid=9950ac751e34487dbbe027c4fd7f8e99","false","54","ES5022600337","spotify:user:12136711908","2026-07-24T13:20:19Z"
"spotify:track:2nM7mpyUSimTeLpuaJvdjA","Se Fue Con el Guitarrista","spotify:artist:1EXjXQpDx2pROygh8zvHs4","Melendi","spotify:album:0fBK2XFrgxTKQMYrLDQxsI","Pop Rock","spotify:artist:1EXjXQpDx2pROygh8zvHs4","Melendi","2026-05-08","https://i.scdn.co/image/ab67616d0000b27390751989f8f8173ee44dde5a","1","8","236842","https://p.scdn.co/mp3-preview/4e034a3ace7f4da26f30aa00130b215c864baf98?cid=9950ac751e34487dbbe027c4fd7f8e99","false","51","ES5022600338","spotify:user:12136711908","2026-07-24T13:20:19Z"
"spotify:track:6IdWyTmXdD68HaWvq6q6Uk","No Me Des la Tabarra","spotify:artist:1EXjXQpDx2pROygh8zvHs4","Melendi","spotify:album:0fBK2XFrgxTKQMYrLDQxsI","Pop Rock","spotify:artist:1EXjXQpDx2pROygh8zvHs4","Melendi","2026-05-08","https://i.scdn.co/image/ab67616d0000b27390751989f8f8173ee44dde5a","1","9","245378","https://p.scdn.co/mp3-preview/d3fb83e1115e746c46b40baa12841bff2ec281cc?cid=9950ac751e34487dbbe027c4fd7f8e99","false","52","ES5022600339","spotify:user:12136711908","2026-07-24T13:20:19Z"
"spotify:track:3L6x2bn6IG6BYYIyg1aRmj","Lo Que Yo Obedezco","spotify:artist:1EXjXQpDx2pROygh8zvHs4","Melendi","spotify:album:0fBK2XFrgxTKQMYrLDQxsI","Pop Rock","spotify:artist:1EXjXQpDx2pROygh8zvHs4","Melendi","2026-05-08","https://i.scdn.co/image/ab67616d0000b27390751989f8f8173ee44dde5a","1","10","286613","https://p.scdn.co/mp3-preview/378b00e6310588ac54cadda6978525ce96cc949b?cid=9950ac751e34487dbbe027c4fd7f8e99","false","51","ES5022600340","spotify:user:12136711908","2026-07-24T13:20:19Z"
"spotify:track:4uXhytU6mTqdS8eFu0h3O6","Nunca Te Dejaré Solo","spotify:artist:1EXjXQpDx2pROygh8zvHs4","Melendi","spotify:album:0fBK2XFrgxTKQMYrLDQxsI","Pop Rock","spotify:artist:1EXjXQpDx2pROygh8zvHs4","Melendi","2026-05-08","https://i.scdn.co/image/ab67616d0000b27390751989f8f8173ee44dde5a","1","11","283424","https://p.scdn.co/mp3-preview/b849be382a2f44182ccd954c2bcf81a127393e20?cid=9950ac751e34487dbbe027c4fd7f8e99","false","50","ES5022600341","spotify:user:12136711908","2026-07-24T13:20:19Z"
"spotify:track:258hs8zltfhkeItvntuQQp","Tiempos bonitos","spotify:artist:5M9Bb4adKAgrOFOhc05Y50","Pablo Alborán","spotify:album:7CJaAVgm66Bv93zDWgsVpk","Tiempos bonitos","spotify:artist:5M9Bb4adKAgrOFOhc05Y50","Pablo Alborán","2026-07-10","https://i.scdn.co/image/ab67616d0000b273d8bf11916a24ec07aa3e1089","1","1","154088","https://p.scdn.co/mp3-preview/5c6e10a01c61579bf6b07fcdaca71b9e58fbcaf0?cid=9950ac751e34487dbbe027c4fd7f8e99","false","64","ES5152600634","spotify:user:12136711908","2026-07-24T13:20:19Z"
"spotify:track:598n3RkcJUAkD8GExUVDzc","Eso","spotify:artist:5sUrlPAHlS9NEirDB8SEbF","Alejandro Sanz","spotify:album:3mAnRVNSmsmPN5rDqY6YAK","No es lo mismo","spotify:artist:5sUrlPAHlS9NEirDB8SEbF","Alejandro Sanz","2003-06-06","https://i.scdn.co/image/ab67616d0000b273e591a5bfe485c5cfa970838d","1","5","257053","https://p.scdn.co/mp3-preview/49f9f253b41349c8736f504e1188499d808e8229?cid=9950ac751e34487dbbe027c4fd7f8e99","false","59","ES5150306004","spotify:user:12136711908","2026-07-24T13:20:19Z"
"spotify:track:7MNvlfkZF3AdcYo27R9O5G","El gordo y el narco","spotify:artist:1EXjXQpDx2pROygh8zvHs4","Melendi","spotify:album:39O2BLyTsw8BiKBTsXHAOR","Un alumno más","spotify:artist:1EXjXQpDx2pROygh8zvHs4","Melendi","2014-11-25","https://i.scdn.co/image/ab67616d0000b273acffe9b36942c81d506e13c3","1","11","205066","https://p.scdn.co/mp3-preview/ad979a6460a45e7f3ede6a39a3e81ad4fa4f6e0f?cid=9950ac751e34487dbbe027c4fd7f8e99","false","40","ES5151401236","spotify:user:12136711908","2026-07-24T13:20:19Z"
"spotify:track:4bpK8PQQA0R6OnsWCYawxs","Mi generación","spotify:artist:1EXjXQpDx2pROygh8zvHs4","Melendi","spotify:album:4ZkaJeOjMZh4M8o8wZM6fJ","Yo me veo contigo","spotify:artist:1EXjXQpDx2pROygh8zvHs4","Melendi","2017-12-08","https://i.scdn.co/image/ab67616d0000b2730a13fb9b2b0cd1e20f66fb98","1","57","184549","https://p.scdn.co/mp3-preview/bb8707bf5b2d10b377634e6f38ccc8e49cb28e1d?cid=9950ac751e34487dbbe027c4fd7f8e99","false","21","ES5151301981","spotify:user:12136711908","2026-07-24T13:20:19Z"
"spotify:track:7FuktPYSp3zk9qsKz1twGj","Hoy","spotify:artist:1EXjXQpDx2pROygh8zvHs4","Melendi","spotify:album:4ZkaJeOjMZh4M8o8wZM6fJ","Yo me veo contigo","spotify:artist:1EXjXQpDx2pROygh8zvHs4","Melendi","2017-12-08","https://i.scdn.co/image/ab67616d0000b2730a13fb9b2b0cd1e20f66fb98","1","55","257786","https://p.scdn.co/mp3-preview/959d76702c45fe61bd28c8f3ffa938cdcfee1ca1?cid=9950ac751e34487dbbe027c4fd7f8e99","false","20","ES5151001990","spotify:user:12136711908","2026-07-24T13:20:19Z"
"spotify:track:2h2ImLBPvinacW4y2uWDr5","Un alumno más - En Directo","spotify:artist:1EXjXQpDx2pROygh8zvHs4","Melendi","spotify:album:7Bo45ezxqo2Pab4TISIqLz","Directo a Septiembre (Gira Un Alumno Más)","spotify:artist:1EXjXQpDx2pROygh8zvHs4","Melendi","2015-12-04","https://i.scdn.co/image/ab67616d0000b2733f3f4cf6dfee73b7ffac7ad7","1","24","329146","https://p.scdn.co/mp3-preview/a1df5edad8095ae210048dadb7c38ab17a4b3114?cid=9950ac751e34487dbbe027c4fd7f8e99","false","38","ES5151503182","spotify:user:12136711908","2026-07-24T13:20:19Z"
"spotify:track:0mmt8yDmxDUs92cPafzZZ8","Amigos de la crisis","spotify:artist:1EXjXQpDx2pROygh8zvHs4","Melendi","spotify:album:4ZkaJeOjMZh4M8o8wZM6fJ","Yo me veo contigo","spotify:artist:1EXjXQpDx2pROygh8zvHs4","Melendi","2017-12-08","https://i.scdn.co/image/ab67616d0000b2730a13fb9b2b0cd1e20f66fb98","1","54","228253","https://p.scdn.co/mp3-preview/b978ad639aa5ba6a23d913c575aba187587da0e6?cid=9950ac751e34487dbbe027c4fd7f8e99","false","19","ES5151001988","spotify:user:12136711908","2026-07-24T13:20:19Z"
"spotify:track:6k5jdoZljrSlOtTWTXOf68","Tu lista de enemigos","spotify:artist:1EXjXQpDx2pROygh8zvHs4","Melendi","spotify:album:5wBuhpO0TeMKgEUdtMA8u6","Lágrimas desordenadas (Deluxe)","spotify:artist:1EXjXQpDx2pROygh8zvHs4","Melendi","2012-11-13","https://i.scdn.co/image/ab67616d0000b2735258b052ea00b503503d484c","1","4","241503","https://p.scdn.co/mp3-preview/eb2ccfa2b944dfccf9ff9823cfe463dcc687d80e?cid=9950ac751e34487dbbe027c4fd7f8e99","false","12","ES5151202007","spotify:user:12136711908","2026-07-24T13:20:19Z"
"spotify:track:1eJw2gXgEDNJgWC9tPdmGr","Gatos celestes","spotify:artist:1EXjXQpDx2pROygh8zvHs4","Melendi","spotify:album:5wBuhpO0TeMKgEUdtMA8u6","Lágrimas desordenadas (Deluxe)","spotify:artist:1EXjXQpDx2pROygh8zvHs4","Melendi","2012-11-13","https://i.scdn.co/image/ab67616d0000b2735258b052ea00b503503d484c","1","10","226369","https://p.scdn.co/mp3-preview/fd7acaa1aa922648d3bef8ba720a49eb67e814f6?cid=9950ac751e34487dbbe027c4fd7f8e99","false","11","ES5151202004","spotify:user:12136711908","2026-07-24T13:20:19Z"
"spotify:track:3yrNqdXQZUQvjXV2YKjlzb","Melancolemia","spotify:artist:1EXjXQpDx2pROygh8zvHs4","Melendi","spotify:album:1O2K1CtGy9oNUPkmOKLnAx","Volvamos a empezar (Deluxe edition)","spotify:artist:1EXjXQpDx2pROygh8zvHs4","Melendi","2010-10-29","https://i.scdn.co/image/ab67616d0000b2737054311bb228b1a1368dc485","1","7","252800","https://p.scdn.co/mp3-preview/57caa9542121ee66b9430b6687b22753cfeadba8?cid=9950ac751e34487dbbe027c4fd7f8e99","false","36","ES5151001364","spotify:user:12136711908","2026-07-24T13:20:19Z"
"spotify:track:2F4Y2KPhh0H9QsZ0q9Glsd","Maldita Vida Loca","spotify:artist:1EXjXQpDx2pROygh8zvHs4","Melendi","spotify:album:3dqitbJXkuv1S0WE0xF2L1","Aún Más Curiosa La Cara De Tu Padre","spotify:artist:1EXjXQpDx2pROygh8zvHs4","Melendi","2009-03-24","https://i.scdn.co/image/ab67616d0000b2735eaab26174e72e7c8e5311c7","1","7","228813","https://p.scdn.co/mp3-preview/b839112b39d74c5830babbc2acae4596d3616684?cid=9950ac751e34487dbbe027c4fd7f8e99","false","27","ESD010800121","spotify:user:12136711908","2026-07-24T13:20:19Z"
"spotify:track:56sN1PEsVErUNWi41CS9bF","Las Cosas Del Amor","spotify:artist:1EXjXQpDx2pROygh8zvHs4","Melendi","spotify:album:00UlhRF25elWQ4ImKuj8SI","Curiosa La Cara De Tu Padre","spotify:artist:1EXjXQpDx2pROygh8zvHs4","Melendi","2008-09-16","https://i.scdn.co/image/ab67616d0000b2733f39425dd684788ae6edb372","1","10","204440","https://p.scdn.co/mp3-preview/7d0a0e96920fc5886f4dba90044bec5fde2f49da?cid=9950ac751e34487dbbe027c4fd7f8e99","false","33","ESD010800124","spotify:user:12136711908","2026-07-24T13:20:19Z"
